[
{
    "model": "auth.permission",
    "pk": 1,
    "fields": {
        "name": "Can add log entry",
        "content_type": 1,
        "codename": "add_logentry"
    }
},
{
    "model": "auth.permission",
    "pk": 2,
    "fields": {
        "name": "Can change log entry",
        "content_type": 1,
        "codename": "change_logentry"
    }
},
{
    "model": "auth.permission",
    "pk": 3,
    "fields": {
        "name": "Can delete log entry",
        "content_type": 1,
        "codename": "delete_logentry"
    }
},
{
    "model": "auth.permission",
    "pk": 4,
    "fields": {
        "name": "Can view log entry",
        "content_type": 1,
        "codename": "view_logentry"
    }
},
{
    "model": "auth.permission",
    "pk": 5,
    "fields": {
        "name": "Can add permission",
        "content_type": 2,
        "codename": "add_permission"
    }
},
{
    "model": "auth.permission",
    "pk": 6,
    "fields": {
        "name": "Can change permission",
        "content_type": 2,
        "codename": "change_permission"
    }
},
{
    "model": "auth.permission",
    "pk": 7,
    "fields": {
        "name": "Can delete permission",
        "content_type": 2,
        "codename": "delete_permission"
    }
},
{
    "model": "auth.permission",
    "pk": 8,
    "fields": {
        "name": "Can view permission",
        "content_type": 2,
        "codename": "view_permission"
    }
},
{
    "model": "auth.permission",
    "pk": 9,
    "fields": {
        "name": "Can add group",
        "content_type": 3,
        "codename": "add_group"
    }
},
{
    "model": "auth.permission",
    "pk": 10,
    "fields": {
        "name": "Can change group",
        "content_type": 3,
        "codename": "change_group"
    }
},
{
    "model": "auth.permission",
    "pk": 11,
    "fields": {
        "name": "Can delete group",
        "content_type": 3,
        "codename": "delete_group"
    }
},
{
    "model": "auth.permission",
    "pk": 12,
    "fields": {
        "name": "Can view group",
        "content_type": 3,
        "codename": "view_group"
    }
},
{
    "model": "auth.permission",
    "pk": 13,
    "fields": {
        "name": "Can add content type",
        "content_type": 4,
        "codename": "add_contenttype"
    }
},
{
    "model": "auth.permission",
    "pk": 14,
    "fields": {
        "name": "Can change content type",
        "content_type": 4,
        "codename": "change_contenttype"
    }
},
{
    "model": "auth.permission",
    "pk": 15,
    "fields": {
        "name": "Can delete content type",
        "content_type": 4,
        "codename": "delete_contenttype"
    }
},
{
    "model": "auth.permission",
    "pk": 16,
    "fields": {
        "name": "Can view content type",
        "content_type": 4,
        "codename": "view_contenttype"
    }
},
{
    "model": "auth.permission",
    "pk": 17,
    "fields": {
        "name": "Can add session",
        "content_type": 5,
        "codename": "add_session"
    }
},
{
    "model": "auth.permission",
    "pk": 18,
    "fields": {
        "name": "Can change session",
        "content_type": 5,
        "codename": "change_session"
    }
},
{
    "model": "auth.permission",
    "pk": 19,
    "fields": {
        "name": "Can delete session",
        "content_type": 5,
        "codename": "delete_session"
    }
},
{
    "model": "auth.permission",
    "pk": 20,
    "fields": {
        "name": "Can view session",
        "content_type": 5,
        "codename": "view_session"
    }
},
{
    "model": "auth.permission",
    "pk": 21,
    "fields": {
        "name": "Can add aeropuerto",
        "content_type": 6,
        "codename": "add_aeropuerto"
    }
},
{
    "model": "auth.permission",
    "pk": 22,
    "fields": {
        "name": "Can change aeropuerto",
        "content_type": 6,
        "codename": "change_aeropuerto"
    }
},
{
    "model": "auth.permission",
    "pk": 23,
    "fields": {
        "name": "Can delete aeropuerto",
        "content_type": 6,
        "codename": "delete_aeropuerto"
    }
},
{
    "model": "auth.permission",
    "pk": 24,
    "fields": {
        "name": "Can view aeropuerto",
        "content_type": 6,
        "codename": "view_aeropuerto"
    }
},
{
    "model": "auth.permission",
    "pk": 25,
    "fields": {
        "name": "Can add user",
        "content_type": 7,
        "codename": "add_usuario"
    }
},
{
    "model": "auth.permission",
    "pk": 26,
    "fields": {
        "name": "Can change user",
        "content_type": 7,
        "codename": "change_usuario"
    }
},
{
    "model": "auth.permission",
    "pk": 27,
    "fields": {
        "name": "Can delete user",
        "content_type": 7,
        "codename": "delete_usuario"
    }
},
{
    "model": "auth.permission",
    "pk": 28,
    "fields": {
        "name": "Can view user",
        "content_type": 7,
        "codename": "view_usuario"
    }
},
{
    "model": "auth.permission",
    "pk": 29,
    "fields": {
        "name": "Can add aerolinea",
        "content_type": 8,
        "codename": "add_aerolinea"
    }
},
{
    "model": "auth.permission",
    "pk": 30,
    "fields": {
        "name": "Can change aerolinea",
        "content_type": 8,
        "codename": "change_aerolinea"
    }
},
{
    "model": "auth.permission",
    "pk": 31,
    "fields": {
        "name": "Can delete aerolinea",
        "content_type": 8,
        "codename": "delete_aerolinea"
    }
},
{
    "model": "auth.permission",
    "pk": 32,
    "fields": {
        "name": "Can view aerolinea",
        "content_type": 8,
        "codename": "view_aerolinea"
    }
},
{
    "model": "auth.permission",
    "pk": 33,
    "fields": {
        "name": "Can add contacto aeropuerto",
        "content_type": 9,
        "codename": "add_contactoaeropuerto"
    }
},
{
    "model": "auth.permission",
    "pk": 34,
    "fields": {
        "name": "Can change contacto aeropuerto",
        "content_type": 9,
        "codename": "change_contactoaeropuerto"
    }
},
{
    "model": "auth.permission",
    "pk": 35,
    "fields": {
        "name": "Can delete contacto aeropuerto",
        "content_type": 9,
        "codename": "delete_contactoaeropuerto"
    }
},
{
    "model": "auth.permission",
    "pk": 36,
    "fields": {
        "name": "Can view contacto aeropuerto",
        "content_type": 9,
        "codename": "view_contactoaeropuerto"
    }
},
{
    "model": "auth.permission",
    "pk": 37,
    "fields": {
        "name": "Can add gerente",
        "content_type": 10,
        "codename": "add_gerente"
    }
},
{
    "model": "auth.permission",
    "pk": 38,
    "fields": {
        "name": "Can change gerente",
        "content_type": 10,
        "codename": "change_gerente"
    }
},
{
    "model": "auth.permission",
    "pk": 39,
    "fields": {
        "name": "Can delete gerente",
        "content_type": 10,
        "codename": "delete_gerente"
    }
},
{
    "model": "auth.permission",
    "pk": 40,
    "fields": {
        "name": "Can view gerente",
        "content_type": 10,
        "codename": "view_gerente"
    }
},
{
    "model": "auth.permission",
    "pk": 41,
    "fields": {
        "name": "Can add pasajero",
        "content_type": 11,
        "codename": "add_pasajero"
    }
},
{
    "model": "auth.permission",
    "pk": 42,
    "fields": {
        "name": "Can change pasajero",
        "content_type": 11,
        "codename": "change_pasajero"
    }
},
{
    "model": "auth.permission",
    "pk": 43,
    "fields": {
        "name": "Can delete pasajero",
        "content_type": 11,
        "codename": "delete_pasajero"
    }
},
{
    "model": "auth.permission",
    "pk": 44,
    "fields": {
        "name": "Can view pasajero",
        "content_type": 11,
        "codename": "view_pasajero"
    }
},
{
    "model": "auth.permission",
    "pk": 45,
    "fields": {
        "name": "Can add equipaje",
        "content_type": 12,
        "codename": "add_equipaje"
    }
},
{
    "model": "auth.permission",
    "pk": 46,
    "fields": {
        "name": "Can change equipaje",
        "content_type": 12,
        "codename": "change_equipaje"
    }
},
{
    "model": "auth.permission",
    "pk": 47,
    "fields": {
        "name": "Can delete equipaje",
        "content_type": 12,
        "codename": "delete_equipaje"
    }
},
{
    "model": "auth.permission",
    "pk": 48,
    "fields": {
        "name": "Can view equipaje",
        "content_type": 12,
        "codename": "view_equipaje"
    }
},
{
    "model": "auth.permission",
    "pk": 49,
    "fields": {
        "name": "Can add reserva",
        "content_type": 13,
        "codename": "add_reserva"
    }
},
{
    "model": "auth.permission",
    "pk": 50,
    "fields": {
        "name": "Can change reserva",
        "content_type": 13,
        "codename": "change_reserva"
    }
},
{
    "model": "auth.permission",
    "pk": 51,
    "fields": {
        "name": "Can delete reserva",
        "content_type": 13,
        "codename": "delete_reserva"
    }
},
{
    "model": "auth.permission",
    "pk": 52,
    "fields": {
        "name": "Can view reserva",
        "content_type": 13,
        "codename": "view_reserva"
    }
},
{
    "model": "auth.permission",
    "pk": 53,
    "fields": {
        "name": "Can add servicio",
        "content_type": 14,
        "codename": "add_servicio"
    }
},
{
    "model": "auth.permission",
    "pk": 54,
    "fields": {
        "name": "Can change servicio",
        "content_type": 14,
        "codename": "change_servicio"
    }
},
{
    "model": "auth.permission",
    "pk": 55,
    "fields": {
        "name": "Can delete servicio",
        "content_type": 14,
        "codename": "delete_servicio"
    }
},
{
    "model": "auth.permission",
    "pk": 56,
    "fields": {
        "name": "Can view servicio",
        "content_type": 14,
        "codename": "view_servicio"
    }
},
{
    "model": "auth.permission",
    "pk": 57,
    "fields": {
        "name": "Can add empleado",
        "content_type": 15,
        "codename": "add_empleado"
    }
},
{
    "model": "auth.permission",
    "pk": 58,
    "fields": {
        "name": "Can change empleado",
        "content_type": 15,
        "codename": "change_empleado"
    }
},
{
    "model": "auth.permission",
    "pk": 59,
    "fields": {
        "name": "Can delete empleado",
        "content_type": 15,
        "codename": "delete_empleado"
    }
},
{
    "model": "auth.permission",
    "pk": 60,
    "fields": {
        "name": "Can view empleado",
        "content_type": 15,
        "codename": "view_empleado"
    }
},
{
    "model": "auth.permission",
    "pk": 61,
    "fields": {
        "name": "Can add vuelo",
        "content_type": 16,
        "codename": "add_vuelo"
    }
},
{
    "model": "auth.permission",
    "pk": 62,
    "fields": {
        "name": "Can change vuelo",
        "content_type": 16,
        "codename": "change_vuelo"
    }
},
{
    "model": "auth.permission",
    "pk": 63,
    "fields": {
        "name": "Can delete vuelo",
        "content_type": 16,
        "codename": "delete_vuelo"
    }
},
{
    "model": "auth.permission",
    "pk": 64,
    "fields": {
        "name": "Can view vuelo",
        "content_type": 16,
        "codename": "view_vuelo"
    }
},
{
    "model": "auth.permission",
    "pk": 65,
    "fields": {
        "name": "Can add estadisticas vuelo",
        "content_type": 17,
        "codename": "add_estadisticasvuelo"
    }
},
{
    "model": "auth.permission",
    "pk": 66,
    "fields": {
        "name": "Can change estadisticas vuelo",
        "content_type": 17,
        "codename": "change_estadisticasvuelo"
    }
},
{
    "model": "auth.permission",
    "pk": 67,
    "fields": {
        "name": "Can delete estadisticas vuelo",
        "content_type": 17,
        "codename": "delete_estadisticasvuelo"
    }
},
{
    "model": "auth.permission",
    "pk": 68,
    "fields": {
        "name": "Can view estadisticas vuelo",
        "content_type": 17,
        "codename": "view_estadisticasvuelo"
    }
},
{
    "model": "auth.permission",
    "pk": 69,
    "fields": {
        "name": "Can add asiento",
        "content_type": 18,
        "codename": "add_asiento"
    }
},
{
    "model": "auth.permission",
    "pk": 70,
    "fields": {
        "name": "Can change asiento",
        "content_type": 18,
        "codename": "change_asiento"
    }
},
{
    "model": "auth.permission",
    "pk": 71,
    "fields": {
        "name": "Can delete asiento",
        "content_type": 18,
        "codename": "delete_asiento"
    }
},
{
    "model": "auth.permission",
    "pk": 72,
    "fields": {
        "name": "Can view asiento",
        "content_type": 18,
        "codename": "view_asiento"
    }
},
{
    "model": "auth.permission",
    "pk": 73,
    "fields": {
        "name": "Can add vuelo aerolinea",
        "content_type": 19,
        "codename": "add_vueloaerolinea"
    }
},
{
    "model": "auth.permission",
    "pk": 74,
    "fields": {
        "name": "Can change vuelo aerolinea",
        "content_type": 19,
        "codename": "change_vueloaerolinea"
    }
},
{
    "model": "auth.permission",
    "pk": 75,
    "fields": {
        "name": "Can delete vuelo aerolinea",
        "content_type": 19,
        "codename": "delete_vueloaerolinea"
    }
},
{
    "model": "auth.permission",
    "pk": 76,
    "fields": {
        "name": "Can view vuelo aerolinea",
        "content_type": 19,
        "codename": "view_vueloaerolinea"
    }
},
{
    "model": "auth.permission",
    "pk": 77,
    "fields": {
        "name": "Can add application",
        "content_type": 20,
        "codename": "add_application"
    }
},
{
    "model": "auth.permission",
    "pk": 78,
    "fields": {
        "name": "Can change application",
        "content_type": 20,
        "codename": "change_application"
    }
},
{
    "model": "auth.permission",
    "pk": 79,
    "fields": {
        "name": "Can delete application",
        "content_type": 20,
        "codename": "delete_application"
    }
},
{
    "model": "auth.permission",
    "pk": 80,
    "fields": {
        "name": "Can view application",
        "content_type": 20,
        "codename": "view_application"
    }
},
{
    "model": "auth.permission",
    "pk": 81,
    "fields": {
        "name": "Can add access token",
        "content_type": 21,
        "codename": "add_accesstoken"
    }
},
{
    "model": "auth.permission",
    "pk": 82,
    "fields": {
        "name": "Can change access token",
        "content_type": 21,
        "codename": "change_accesstoken"
    }
},
{
    "model": "auth.permission",
    "pk": 83,
    "fields": {
        "name": "Can delete access token",
        "content_type": 21,
        "codename": "delete_accesstoken"
    }
},
{
    "model": "auth.permission",
    "pk": 84,
    "fields": {
        "name": "Can view access token",
        "content_type": 21,
        "codename": "view_accesstoken"
    }
},
{
    "model": "auth.permission",
    "pk": 85,
    "fields": {
        "name": "Can add grant",
        "content_type": 22,
        "codename": "add_grant"
    }
},
{
    "model": "auth.permission",
    "pk": 86,
    "fields": {
        "name": "Can change grant",
        "content_type": 22,
        "codename": "change_grant"
    }
},
{
    "model": "auth.permission",
    "pk": 87,
    "fields": {
        "name": "Can delete grant",
        "content_type": 22,
        "codename": "delete_grant"
    }
},
{
    "model": "auth.permission",
    "pk": 88,
    "fields": {
        "name": "Can view grant",
        "content_type": 22,
        "codename": "view_grant"
    }
},
{
    "model": "auth.permission",
    "pk": 89,
    "fields": {
        "name": "Can add refresh token",
        "content_type": 23,
        "codename": "add_refreshtoken"
    }
},
{
    "model": "auth.permission",
    "pk": 90,
    "fields": {
        "name": "Can change refresh token",
        "content_type": 23,
        "codename": "change_refreshtoken"
    }
},
{
    "model": "auth.permission",
    "pk": 91,
    "fields": {
        "name": "Can delete refresh token",
        "content_type": 23,
        "codename": "delete_refreshtoken"
    }
},
{
    "model": "auth.permission",
    "pk": 92,
    "fields": {
        "name": "Can view refresh token",
        "content_type": 23,
        "codename": "view_refreshtoken"
    }
},
{
    "model": "auth.permission",
    "pk": 93,
    "fields": {
        "name": "Can add id token",
        "content_type": 24,
        "codename": "add_idtoken"
    }
},
{
    "model": "auth.permission",
    "pk": 94,
    "fields": {
        "name": "Can change id token",
        "content_type": 24,
        "codename": "change_idtoken"
    }
},
{
    "model": "auth.permission",
    "pk": 95,
    "fields": {
        "name": "Can delete id token",
        "content_type": 24,
        "codename": "delete_idtoken"
    }
},
{
    "model": "auth.permission",
    "pk": 96,
    "fields": {
        "name": "Can view id token",
        "content_type": 24,
        "codename": "view_idtoken"
    }
},
{
    "model": "auth.group",
    "pk": 1,
    "fields": {
        "name": "Pasajero",
        "permissions": [
            49,
            50,
            51,
            52
        ]
    }
},
{
    "model": "auth.group",
    "pk": 2,
    "fields": {
        "name": "Gerente",
        "permissions": [
            65,
            66,
            67,
            68
        ]
    }
},
{
    "model": "contenttypes.contenttype",
    "pk": 1,
    "fields": {
        "app_label": "admin",
        "model": "logentry"
    }
},
{
    "model": "contenttypes.contenttype",
    "pk": 2,
    "fields": {
        "app_label": "auth",
        "model": "permission"
    }
},
{
    "model": "contenttypes.contenttype",
    "pk": 3,
    "fields": {
        "app_label": "auth",
        "model": "group"
    }
},
{
    "model": "contenttypes.contenttype",
    "pk": 4,
    "fields": {
        "app_label": "contenttypes",
        "model": "contenttype"
    }
},
{
    "model": "contenttypes.contenttype",
    "pk": 5,
    "fields": {
        "app_label": "sessions",
        "model": "session"
    }
},
{
    "model": "contenttypes.contenttype",
    "pk": 6,
    "fields": {
        "app_label": "apaeropuerto",
        "model": "aeropuerto"
    }
},
{
    "model": "contenttypes.contenttype",
    "pk": 7,
    "fields": {
        "app_label": "apaeropuerto",
        "model": "usuario"
    }
},
{
    "model": "contenttypes.contenttype",
    "pk": 8,
    "fields": {
        "app_label": "apaeropuerto",
        "model": "aerolinea"
    }
},
{
    "model": "contenttypes.contenttype",
    "pk": 9,
    "fields": {
        "app_label": "apaeropuerto",
        "model": "contactoaeropuerto"
    }
},
{
    "model": "contenttypes.contenttype",
    "pk": 10,
    "fields": {
        "app_label": "apaeropuerto",
        "model": "gerente"
    }
},
{
    "model": "contenttypes.contenttype",
    "pk": 11,
    "fields": {
        "app_label": "apaeropuerto",
        "model": "pasajero"
    }
},
{
    "model": "contenttypes.contenttype",
    "pk": 12,
    "fields": {
        "app_label": "apaeropuerto",
        "model": "equipaje"
    }
},
{
    "model": "contenttypes.contenttype",
    "pk": 13,
    "fields": {
        "app_label": "apaeropuerto",
        "model": "reserva"
    }
},
{
    "model": "contenttypes.contenttype",
    "pk": 14,
    "fields": {
        "app_label": "apaeropuerto",
        "model": "servicio"
    }
},
{
    "model": "contenttypes.contenttype",
    "pk": 15,
    "fields": {
        "app_label": "apaeropuerto",
        "model": "empleado"
    }
},
{
    "model": "contenttypes.contenttype",
    "pk": 16,
    "fields": {
        "app_label": "apaeropuerto",
        "model": "vuelo"
    }
},
{
    "model": "contenttypes.contenttype",
    "pk": 17,
    "fields": {
        "app_label": "apaeropuerto",
        "model": "estadisticasvuelo"
    }
},
{
    "model": "contenttypes.contenttype",
    "pk": 18,
    "fields": {
        "app_label": "apaeropuerto",
        "model": "asiento"
    }
},
{
    "model": "contenttypes.contenttype",
    "pk": 19,
    "fields": {
        "app_label": "apaeropuerto",
        "model": "vueloaerolinea"
    }
},
{
    "model": "contenttypes.contenttype",
    "pk": 20,
    "fields": {
        "app_label": "oauth2_provider",
        "model": "application"
    }
},
{
    "model": "contenttypes.contenttype",
    "pk": 21,
    "fields": {
        "app_label": "oauth2_provider",
        "model": "accesstoken"
    }
},
{
    "model": "contenttypes.contenttype",
    "pk": 22,
    "fields": {
        "app_label": "oauth2_provider",
        "model": "grant"
    }
},
{
    "model": "contenttypes.contenttype",
    "pk": 23,
    "fields": {
        "app_label": "oauth2_provider",
        "model": "refreshtoken"
    }
},
{
    "model": "contenttypes.contenttype",
    "pk": 24,
    "fields": {
        "app_label": "oauth2_provider",
        "model": "idtoken"
    }
},
{
    "model": "apaeropuerto.usuario",
    "pk": 1,
    "fields": {
        "password": "Spend hit number race. A teacher toward memory measure.",
        "last_login": "1984-06-05T17:17:08.449",
        "is_superuser": true,
        "username": "wendysalas",
        "first_name": "Jason",
        "last_name": "Gonzales",
        "email": "timothybryan@example.com",
        "is_staff": false,
        "is_active": true,
        "date_joined": "2025-02-17T14:37:09.087",
        "rol": 1,
        "groups": [],
        "user_permissions": []
    }
},
{
    "model": "apaeropuerto.usuario",
    "pk": 2,
    "fields": {
        "password": "Unit science window Republican modern north. Measure development more trip.",
        "last_login": "2001-01-27T18:16:02.271",
        "is_superuser": false,
        "username": "william94",
        "first_name": "Jacob",
        "last_name": "Hardy",
        "email": "tphillips@example.org",
        "is_staff": true,
        "is_active": true,
        "date_joined": "2025-02-17T14:37:09.087",
        "rol": 1,
        "groups": [],
        "user_permissions": []
    }
},
{
    "model": "apaeropuerto.usuario",
    "pk": 3,
    "fields": {
        "password": "Add hair join strategy. Paper production so cup kitchen. Buy reflect wonder available ability head conference.",
        "last_login": "1970-04-20T15:11:47.467",
        "is_superuser": false,
        "username": "joy01",
        "first_name": "Sarah",
        "last_name": "Woodward",
        "email": "watersleroy@example.net",
        "is_staff": true,
        "is_active": true,
        "date_joined": "2025-02-17T14:37:09.087",
        "rol": 1,
        "groups": [],
        "user_permissions": []
    }
},
{
    "model": "apaeropuerto.usuario",
    "pk": 4,
    "fields": {
        "password": "Offer mean from. Almost lose range question house option discover.",
        "last_login": "1987-08-25T19:30:20.053",
        "is_superuser": true,
        "username": "casesusan",
        "first_name": "Charles",
        "last_name": "Jones",
        "email": "vblake@example.com",
        "is_staff": true,
        "is_active": true,
        "date_joined": "2025-02-17T14:37:09.087",
        "rol": 1,
        "groups": [],
        "user_permissions": []
    }
},
{
    "model": "apaeropuerto.usuario",
    "pk": 5,
    "fields": {
        "password": "Lay one million sing couple model. Item bank probably various stand who. Since pay sell time or white.",
        "last_login": "2014-07-28T05:50:47.458",
        "is_superuser": true,
        "username": "juliebarrett",
        "first_name": "Stephanie",
        "last_name": "Evans",
        "email": "tknapp@example.com",
        "is_staff": false,
        "is_active": true,
        "date_joined": "2025-02-17T14:37:09.087",
        "rol": 1,
        "groups": [],
        "user_permissions": []
    }
},
{
    "model": "apaeropuerto.usuario",
    "pk": 6,
    "fields": {
        "password": "Risk answer factor positive way key. Teach appear put ground film. State also idea brother central black.",
        "last_login": "2013-07-26T00:42:13.174",
        "is_superuser": false,
        "username": "erica54",
        "first_name": "Jackie",
        "last_name": "Campbell",
        "email": "lindaryan@example.com",
        "is_staff": true,
        "is_active": true,
        "date_joined": "2025-02-17T14:37:09.087",
        "rol": 1,
        "groups": [],
        "user_permissions": []
    }
},
{
    "model": "apaeropuerto.usuario",
    "pk": 7,
    "fields": {
        "password": "Bad hospital shoulder yet type western day. Available time economy as stand morning. Science local catch director risk house.",
        "last_login": "2016-07-16T10:42:08.605",
        "is_superuser": true,
        "username": "thomasgrant",
        "first_name": "Edward",
        "last_name": "Griffin",
        "email": "david03@example.org",
        "is_staff": false,
        "is_active": true,
        "date_joined": "2025-02-17T14:37:09.087",
        "rol": 1,
        "groups": [],
        "user_permissions": []
    }
},
{
    "model": "apaeropuerto.usuario",
    "pk": 8,
    "fields": {
        "password": "My feeling tonight upon board wife. Accept likely despite into authority. Court leader fill plant.",
        "last_login": "2022-12-26T11:17:58.892",
        "is_superuser": false,
        "username": "daniel12",
        "first_name": "Ashley",
        "last_name": "Juarez",
        "email": "donaldsonstephen@example.org",
        "is_staff": false,
        "is_active": true,
        "date_joined": "2025-02-17T14:37:09.087",
        "rol": 1,
        "groups": [],
        "user_permissions": []
    }
},
{
    "model": "apaeropuerto.usuario",
    "pk": 9,
    "fields": {
        "password": "Dark fund since new. Anything sing east environment environment. Most may hair eye sing concern age suggest.",
        "last_login": "1992-01-31T06:59:08.375",
        "is_superuser": false,
        "username": "stevengregory",
        "first_name": "Jared",
        "last_name": "Pierce",
        "email": "khawkins@example.org",
        "is_staff": false,
        "is_active": true,
        "date_joined": "2025-02-17T14:37:09.087",
        "rol": 1,
        "groups": [],
        "user_permissions": []
    }
},
{
    "model": "apaeropuerto.usuario",
    "pk": 10,
    "fields": {
        "password": "Rate rather right artist study thousand. There sense walk develop degree. Through bar attention sit computer enjoy far.",
        "last_login": "2005-08-25T12:21:09.422",
        "is_superuser": false,
        "username": "abigailbarnes",
        "first_name": "Deanna",
        "last_name": "Diaz",
        "email": "phall@example.org",
        "is_staff": true,
        "is_active": true,
        "date_joined": "2025-02-17T14:37:09.087",
        "rol": 1,
        "groups": [],
        "user_permissions": []
    }
},
{
    "model": "apaeropuerto.aeropuerto",
    "pk": 1,
    "fields": {
        "nombre": "Itself early who.",
        "ciudades": "ES",
        "pais": "ES",
        "capacidad_maxima": 150
    }
},
{
    "model": "apaeropuerto.aeropuerto",
    "pk": 2,
    "fields": {
        "nombre": "Become speech girl weight matter. Society hotel particular company money pass.",
        "ciudades": "ES",
        "pais": "ES",
        "capacidad_maxima": 150
    }
},
{
    "model": "apaeropuerto.aeropuerto",
    "pk": 3,
    "fields": {
        "nombre": "Word wonder today later same. Buy evidence step tax no pass I.",
        "ciudades": "ES",
        "pais": "ES",
        "capacidad_maxima": 150
    }
},
{
    "model": "apaeropuerto.aeropuerto",
    "pk": 4,
    "fields": {
        "nombre": "Research service around position. Need provide during.",
        "ciudades": "ES",
        "pais": "ES",
        "capacidad_maxima": 150
    }
},
{
    "model": "apaeropuerto.aeropuerto",
    "pk": 5,
    "fields": {
        "nombre": "Send design any than certain city father society. Son himself father.",
        "ciudades": "ES",
        "pais": "ES",
        "capacidad_maxima": 150
    }
},
{
    "model": "apaeropuerto.aeropuerto",
    "pk": 6,
    "fields": {
        "nombre": "Race mouth back idea small method religious. Next ready charge act citizen.",
        "ciudades": "ES",
        "pais": "ES",
        "capacidad_maxima": 150
    }
},
{
    "model": "apaeropuerto.aeropuerto",
    "pk": 7,
    "fields": {
        "nombre": "Account computer fund require environmental share. Hundred stop record author.",
        "ciudades": "ES",
        "pais": "ES",
        "capacidad_maxima": 150
    }
},
{
    "model": "apaeropuerto.aeropuerto",
    "pk": 8,
    "fields": {
        "nombre": "Student adult politics material organization. Space might he loss improve.",
        "ciudades": "ES",
        "pais": "ES",
        "capacidad_maxima": 150
    }
},
{
    "model": "apaeropuerto.aeropuerto",
    "pk": 9,
    "fields": {
        "nombre": "Write value lead usually old but. How difference indeed sign citizen.",
        "ciudades": "ES",
        "pais": "ES",
        "capacidad_maxima": 150
    }
},
{
    "model": "apaeropuerto.aeropuerto",
    "pk": 10,
    "fields": {
        "nombre": "Water clear budget data future.",
        "ciudades": "ES",
        "pais": "ES",
        "capacidad_maxima": 150
    }
},
{
    "model": "apaeropuerto.contactoaeropuerto",
    "pk": 1,
    "fields": {
        "nombre_contacto": "Go sister drug herself attack. Seem who board phone through here each.",
        "telefono_contacto": "Trade animal.",
        "email_contacto": "umullins@example.net",
        "años_trabajados": -28171,
        "aeropuerto": 5
    }
},
{
    "model": "apaeropuerto.contactoaeropuerto",
    "pk": 2,
    "fields": {
        "nombre_contacto": "Hope same message food step.\nValue simple feel year pattern growth anything.",
        "telefono_contacto": "Bank every.",
        "email_contacto": "robert12@example.net",
        "años_trabajados": -18526,
        "aeropuerto": 2
    }
},
{
    "model": "apaeropuerto.contactoaeropuerto",
    "pk": 3,
    "fields": {
        "nombre_contacto": "Ball with happy entire give. Art nearly me matter.",
        "telefono_contacto": "Effort dream.",
        "email_contacto": "catherine62@example.com",
        "años_trabajados": 11708,
        "aeropuerto": 3
    }
},
{
    "model": "apaeropuerto.contactoaeropuerto",
    "pk": 4,
    "fields": {
        "nombre_contacto": "Again money center current. Phone buy bag fear. Always computer officer house beat weight deep.",
        "telefono_contacto": "Himself raise.",
        "email_contacto": "frogers@example.com",
        "años_trabajados": -3751,
        "aeropuerto": 1
    }
},
{
    "model": "apaeropuerto.contactoaeropuerto",
    "pk": 5,
    "fields": {
        "nombre_contacto": "Someone method anyone plan avoid. City election movie plan between.",
        "telefono_contacto": "Party set.",
        "email_contacto": "evansalyssa@example.net",
        "años_trabajados": -27088,
        "aeropuerto": 6
    }
},
{
    "model": "apaeropuerto.contactoaeropuerto",
    "pk": 6,
    "fields": {
        "nombre_contacto": "Left fire concern serious Mr reveal town. Movement argue home window third.",
        "telefono_contacto": "Significant.",
        "email_contacto": "jeffrey37@example.org",
        "años_trabajados": 290,
        "aeropuerto": 7
    }
},
{
    "model": "apaeropuerto.contactoaeropuerto",
    "pk": 7,
    "fields": {
        "nombre_contacto": "Trip amount knowledge cup. Now adult voice.\nCity mention red face. Entire improve which.",
        "telefono_contacto": "Compare none.",
        "email_contacto": "theresatorres@example.com",
        "años_trabajados": 32621,
        "aeropuerto": 9
    }
},
{
    "model": "apaeropuerto.contactoaeropuerto",
    "pk": 8,
    "fields": {
        "nombre_contacto": "Theory rather mother family tell truth. Plan simply TV customer glass. Represent as prepare piece.",
        "telefono_contacto": "Should music.",
        "email_contacto": "petersonwanda@example.org",
        "años_trabajados": 22255,
        "aeropuerto": 8
    }
},
{
    "model": "apaeropuerto.contactoaeropuerto",
    "pk": 9,
    "fields": {
        "nombre_contacto": "Agreement from never not of commercial. Approach usually heavy end surface every though into.",
        "telefono_contacto": "Member become.",
        "email_contacto": "caseywhite@example.com",
        "años_trabajados": -27059,
        "aeropuerto": 4
    }
},
{
    "model": "apaeropuerto.contactoaeropuerto",
    "pk": 10,
    "fields": {
        "nombre_contacto": "Claim laugh head mind test. Inside join child part bar. Us them measure.",
        "telefono_contacto": "Even other.",
        "email_contacto": "harveyrachel@example.net",
        "años_trabajados": -30178,
        "aeropuerto": 10
    }
},
{
    "model": "apaeropuerto.aerolinea",
    "pk": 1,
    "fields": {
        "nombre": "Leader individual drop fast throw change six Congress. Full PM structure act court more according.",
        "codigo": "Travel.",
        "fecha_fundacion": "2024-08-26",
        "pais": "ES",
        "aeropuerto": [
            5,
            6,
            7
        ]
    }
},
{
    "model": "apaeropuerto.aerolinea",
    "pk": 2,
    "fields": {
        "nombre": "General lawyer less carry none fast upon develop. Effort around make mouth.",
        "codigo": "Yet join.",
        "fecha_fundacion": "1993-09-02",
        "pais": "ES",
        "aeropuerto": [
            1,
            2,
            10
        ]
    }
},
{
    "model": "apaeropuerto.aerolinea",
    "pk": 3,
    "fields": {
        "nombre": "Range director first recently return give stand. Why nearly determine step professor president eat.",
        "codigo": "Nothing.",
        "fecha_fundacion": "1972-07-28",
        "pais": "ES",
        "aeropuerto": [
            2,
            3,
            10
        ]
    }
},
{
    "model": "apaeropuerto.aerolinea",
    "pk": 4,
    "fields": {
        "nombre": "Picture them allow executive. Bag development fund affect. Mention until tough challenge manage.",
        "codigo": "Easy they.",
        "fecha_fundacion": "2023-06-06",
        "pais": "ES",
        "aeropuerto": [
            9
        ]
    }
},
{
    "model": "apaeropuerto.aerolinea",
    "pk": 5,
    "fields": {
        "nombre": "Test guess ok certain enjoy Congress board. Ten machine class war product some.",
        "codigo": "Address.",
        "fecha_fundacion": "2024-02-15",
        "pais": "ES",
        "aeropuerto": [
            6
        ]
    }
},
{
    "model": "apaeropuerto.aerolinea",
    "pk": 6,
    "fields": {
        "nombre": "East organization action price. Bed show seven building.",
        "codigo": "Cost.",
        "fecha_fundacion": "1985-10-30",
        "pais": "ES",
        "aeropuerto": [
            3,
            7,
            8
        ]
    }
},
{
    "model": "apaeropuerto.aerolinea",
    "pk": 7,
    "fields": {
        "nombre": "The media each religious standard who.",
        "codigo": "Bring.",
        "fecha_fundacion": "2003-11-07",
        "pais": "ES",
        "aeropuerto": [
            6
        ]
    }
},
{
    "model": "apaeropuerto.aerolinea",
    "pk": 8,
    "fields": {
        "nombre": "Age audience audience then. Standard body two low recent pick past.",
        "codigo": "Wonder.",
        "fecha_fundacion": "1974-03-08",
        "pais": "ES",
        "aeropuerto": [
            4
        ]
    }
},
{
    "model": "apaeropuerto.aerolinea",
    "pk": 9,
    "fields": {
        "nombre": "Away sister wish behind real close. Form live most sound bill.",
        "codigo": "Reduce.",
        "fecha_fundacion": "1972-08-04",
        "pais": "ES",
        "aeropuerto": [
            1,
            4
        ]
    }
},
{
    "model": "apaeropuerto.aerolinea",
    "pk": 10,
    "fields": {
        "nombre": "Hope help go. Coach assume find mind. Commercial knowledge act bag both.",
        "codigo": "Bit leg.",
        "fecha_fundacion": "2003-02-04",
        "pais": "ES",
        "aeropuerto": [
            5
        ]
    }
},
{
    "model": "apaeropuerto.vuelo",
    "pk": 1,
    "fields": {
        "hora_salida": "1975-03-10T14:54:16.611",
        "hora_llegada": "1981-10-23T20:53:34.912",
        "estado": true,
        "duracion": "2419 05:59:18.301321",
        "origen": 8,
        "destino": 2
    }
},
{
    "model": "apaeropuerto.vuelo",
    "pk": 2,
    "fields": {
        "hora_salida": "1993-07-03T00:14:34.766",
        "hora_llegada": "1980-04-04T06:24:00.244",
        "estado": true,
        "duracion": "-4838 06:09:25.478360",
        "origen": 5,
        "destino": 9
    }
},
{
    "model": "apaeropuerto.vuelo",
    "pk": 3,
    "fields": {
        "hora_salida": "1989-03-22T15:29:21.047",
        "hora_llegada": "1980-05-05T18:24:53.372",
        "estado": false,
        "duracion": "-3243 02:55:32.324976",
        "origen": 8,
        "destino": 3
    }
},
{
    "model": "apaeropuerto.vuelo",
    "pk": 4,
    "fields": {
        "hora_salida": "2006-12-10T22:56:41.043",
        "hora_llegada": "1974-01-09T21:49:00.288",
        "estado": false,
        "duracion": "-12024 22:52:19.245491",
        "origen": 5,
        "destino": 3
    }
},
{
    "model": "apaeropuerto.vuelo",
    "pk": 5,
    "fields": {
        "hora_salida": "2008-03-11T21:30:19.120",
        "hora_llegada": "2011-02-05T14:37:24.935",
        "estado": true,
        "duracion": "1060 17:07:05.815169",
        "origen": 4,
        "destino": 6
    }
},
{
    "model": "apaeropuerto.vuelo",
    "pk": 6,
    "fields": {
        "hora_salida": "2011-06-22T21:40:57.287",
        "hora_llegada": "1988-10-12T15:15:59.251",
        "estado": true,
        "duracion": "-8289 17:35:01.964270",
        "origen": 9,
        "destino": 5
    }
},
{
    "model": "apaeropuerto.vuelo",
    "pk": 7,
    "fields": {
        "hora_salida": "1987-08-30T09:14:15.381",
        "hora_llegada": "2016-08-04T02:39:21.278",
        "estado": false,
        "duracion": "10566 17:25:05.897630",
        "origen": 3,
        "destino": 7
    }
},
{
    "model": "apaeropuerto.vuelo",
    "pk": 8,
    "fields": {
        "hora_salida": "2023-06-18T16:45:04.060",
        "hora_llegada": "1988-02-16T20:02:32.529",
        "estado": true,
        "duracion": "-12906 03:17:28.469002",
        "origen": 9,
        "destino": 10
    }
},
{
    "model": "apaeropuerto.vuelo",
    "pk": 9,
    "fields": {
        "hora_salida": "2019-08-08T17:07:03.890",
        "hora_llegada": "1987-07-20T18:22:39.062",
        "estado": false,
        "duracion": "-11707 01:15:35.172040",
        "origen": 1,
        "destino": 5
    }
},
{
    "model": "apaeropuerto.vuelo",
    "pk": 10,
    "fields": {
        "hora_salida": "2009-01-06T09:05:08.717",
        "hora_llegada": "2000-10-18T13:40:51.656",
        "estado": true,
        "duracion": "-3002 04:35:42.938522",
        "origen": 7,
        "destino": 8
    }
},
{
    "model": "apaeropuerto.estadisticasvuelo",
    "pk": 1,
    "fields": {
        "fecha_estadisticas": "1993-10-18",
        "numero_asientos_vendidos": 28653,
        "numero_cancelaciones": -29811,
        "feedback_pasajeros": "Away mouth training work although security deep. Management early process never market unit play.\nHere get give sign skill paper. Election certain at same. Government almost ahead ever.",
        "vuelo": 2
    }
},
{
    "model": "apaeropuerto.estadisticasvuelo",
    "pk": 2,
    "fields": {
        "fecha_estadisticas": "2002-04-21",
        "numero_asientos_vendidos": -27116,
        "numero_cancelaciones": -21980,
        "feedback_pasajeros": "Line stuff always four media fine. Follow as bad officer firm decision speech. Pressure join produce night human.",
        "vuelo": 9
    }
},
{
    "model": "apaeropuerto.estadisticasvuelo",
    "pk": 3,
    "fields": {
        "fecha_estadisticas": "1973-01-11",
        "numero_asientos_vendidos": 22967,
        "numero_cancelaciones": 3813,
        "feedback_pasajeros": "Notice experience camera finish affect save discussion beyond. With professor six every behavior.",
        "vuelo": 4
    }
},
{
    "model": "apaeropuerto.estadisticasvuelo",
    "pk": 4,
    "fields": {
        "fecha_estadisticas": "1998-12-31",
        "numero_asientos_vendidos": 31060,
        "numero_cancelaciones": -9986,
        "feedback_pasajeros": "From power what apply beautiful wonder. Easy financial west necessary why. Together difference cell suggest rule well agency.\nLanguage interview star water. Leave leg personal also finish.",
        "vuelo": 6
    }
},
{
    "model": "apaeropuerto.estadisticasvuelo",
    "pk": 5,
    "fields": {
        "fecha_estadisticas": "2017-06-02",
        "numero_asientos_vendidos": 13242,
        "numero_cancelaciones": 11961,
        "feedback_pasajeros": "Color soon campaign different prepare measure hundred history. Director blood campaign participant especially. Miss threat rise low.",
        "vuelo": 10
    }
},
{
    "model": "apaeropuerto.estadisticasvuelo",
    "pk": 6,
    "fields": {
        "fecha_estadisticas": "2000-01-10",
        "numero_asientos_vendidos": -23426,
        "numero_cancelaciones": -15539,
        "feedback_pasajeros": "Affect possible civil fund. Away clear door build speech increase argue suddenly.\nMember message behind try laugh give. Appear catch close because shoulder benefit guy.\nAble hit memory.",
        "vuelo": 1
    }
},
{
    "model": "apaeropuerto.estadisticasvuelo",
    "pk": 7,
    "fields": {
        "fecha_estadisticas": "2002-03-05",
        "numero_asientos_vendidos": -27375,
        "numero_cancelaciones": -9798,
        "feedback_pasajeros": "Everything partner environment hand activity. Year expert foreign conference economy. To employee about level expert gas south. Positive less bank claim us discuss while.",
        "vuelo": 7
    }
},
{
    "model": "apaeropuerto.estadisticasvuelo",
    "pk": 8,
    "fields": {
        "fecha_estadisticas": "1977-09-27",
        "numero_asientos_vendidos": -918,
        "numero_cancelaciones": -6832,
        "feedback_pasajeros": "Similar professional our light themselves science decade. Former look instead whom offer executive resource.\nNeed big local culture allow tell black. Region nice buy look recently tonight.",
        "vuelo": 3
    }
},
{
    "model": "apaeropuerto.estadisticasvuelo",
    "pk": 9,
    "fields": {
        "fecha_estadisticas": "1996-11-06",
        "numero_asientos_vendidos": -1633,
        "numero_cancelaciones": 28663,
        "feedback_pasajeros": "Book range call administration.\nVery amount performance. Over product trouble alone say board attorney. West third do likely quite.\nWithin community citizen several simple.",
        "vuelo": 8
    }
},
{
    "model": "apaeropuerto.estadisticasvuelo",
    "pk": 10,
    "fields": {
        "fecha_estadisticas": "1971-01-12",
        "numero_asientos_vendidos": 5823,
        "numero_cancelaciones": 1361,
        "feedback_pasajeros": "Attack share develop key treat Democrat. Tough market citizen.\nFigure ten fall weight. How big often drive daughter car mission especially.",
        "vuelo": 5
    }
},
{
    "model": "apaeropuerto.pasajero",
    "pk": 1,
    "fields": {
        "usuario": 6,
        "direccion": "Candidate unit every raise item. Follow bit stock difference else.",
        "dni": "War.",
        "vuelo": [
            2,
            8
        ]
    }
},
{
    "model": "apaeropuerto.pasajero",
    "pk": 2,
    "fields": {
        "usuario": 8,
        "direccion": "Push sister fill great live share country. Event season detail war among cost.",
        "dni": "Late.",
        "vuelo": [
            4
        ]
    }
},
{
    "model": "apaeropuerto.pasajero",
    "pk": 3,
    "fields": {
        "usuario": 4,
        "direccion": "Push public stay continue. Become hotel size. Huge seem if quality particularly.",
        "dni": "Blood.",
        "vuelo": [
            8
        ]
    }
},
{
    "model": "apaeropuerto.pasajero",
    "pk": 4,
    "fields": {
        "usuario": 5,
        "direccion": "Television court cause even stuff could. Language list condition.",
        "dni": "Smile.",
        "vuelo": [
            5,
            9
        ]
    }
},
{
    "model": "apaeropuerto.pasajero",
    "pk": 5,
    "fields": {
        "usuario": 2,
        "direccion": "Skill across avoid mind instead weight. Under above weight during. Case tell health speech.",
        "dni": "Kind.",
        "vuelo": [
            8,
            10
        ]
    }
},
{
    "model": "apaeropuerto.pasajero",
    "pk": 6,
    "fields": {
        "usuario": 9,
        "direccion": "Cultural author hot especially girl training voice. View investment close tend less question.",
        "dni": "At still.",
        "vuelo": [
            7,
            8
        ]
    }
},
{
    "model": "apaeropuerto.pasajero",
    "pk": 7,
    "fields": {
        "usuario": 10,
        "direccion": "Debate fear certainly member and provide while. Mind board fly politics.",
        "dni": "Require.",
        "vuelo": [
            4
        ]
    }
},
{
    "model": "apaeropuerto.pasajero",
    "pk": 8,
    "fields": {
        "usuario": 3,
        "direccion": "Our player day position. Huge film total learn future market study national.",
        "dni": "Strong.",
        "vuelo": [
            1,
            10
        ]
    }
},
{
    "model": "apaeropuerto.pasajero",
    "pk": 9,
    "fields": {
        "usuario": 7,
        "direccion": "State indicate cup night. Institution stuff second teacher.",
        "dni": "Sea.",
        "vuelo": [
            9,
            10
        ]
    }
},
{
    "model": "apaeropuerto.pasajero",
    "pk": 10,
    "fields": {
        "usuario": 1,
        "direccion": "They defense Congress mind technology section young. Bar bring reach four citizen professor fund.",
        "dni": "Several.",
        "vuelo": [
            2,
            10
        ]
    }
},
{
    "model": "apaeropuerto.gerente",
    "pk": 1,
    "fields": {
        "usuario": 9
    }
},
{
    "model": "apaeropuerto.gerente",
    "pk": 2,
    "fields": {
        "usuario": 4
    }
},
{
    "model": "apaeropuerto.gerente",
    "pk": 3,
    "fields": {
        "usuario": 1
    }
},
{
    "model": "apaeropuerto.gerente",
    "pk": 4,
    "fields": {
        "usuario": 8
    }
},
{
    "model": "apaeropuerto.gerente",
    "pk": 5,
    "fields": {
        "usuario": 3
    }
},
{
    "model": "apaeropuerto.gerente",
    "pk": 6,
    "fields": {
        "usuario": 7
    }
},
{
    "model": "apaeropuerto.gerente",
    "pk": 7,
    "fields": {
        "usuario": 5
    }
},
{
    "model": "apaeropuerto.gerente",
    "pk": 8,
    "fields": {
        "usuario": 2
    }
},
{
    "model": "apaeropuerto.gerente",
    "pk": 9,
    "fields": {
        "usuario": 6
    }
},
{
    "model": "apaeropuerto.gerente",
    "pk": 10,
    "fields": {
        "usuario": 10
    }
},
{
    "model": "apaeropuerto.equipaje",
    "pk": 1,
    "fields": {
        "peso": 0.17895951771468643,
        "dimensiones": "Cause choice assume onto avoid common.",
        "tipo_material": "Need good magazine.",
        "color": "Others director behind start new.",
        "pasajero": 6
    }
},
{
    "model": "apaeropuerto.equipaje",
    "pk": 2,
    "fields": {
        "peso": 0.5662529481008208,
        "dimensiones": "Each probably office arrive.",
        "tipo_material": "Ten food near.",
        "color": "Team dinner hundred if arm treatment home.",
        "pasajero": 10
    }
},
{
    "model": "apaeropuerto.equipaje",
    "pk": 3,
    "fields": {
        "peso": 0.4892618515718735,
        "dimensiones": "Lay minute eight law. South team role.",
        "tipo_material": "Never southern bank case.",
        "color": "Alone medical parent model they fast.",
        "pasajero": 9
    }
},
{
    "model": "apaeropuerto.equipaje",
    "pk": 4,
    "fields": {
        "peso": 0.9946289029434774,
        "dimensiones": "Word give natural no degree either.",
        "tipo_material": "Affect behavior door work.",
        "color": "Hour claim form method.",
        "pasajero": 9
    }
},
{
    "model": "apaeropuerto.equipaje",
    "pk": 5,
    "fields": {
        "peso": 0.9697222268063346,
        "dimensiones": "Serious write figure organization.",
        "tipo_material": "Process certainly difficult.",
        "color": "Exactly what bar. Believe race yes.",
        "pasajero": 4
    }
},
{
    "model": "apaeropuerto.equipaje",
    "pk": 6,
    "fields": {
        "peso": 0.931551817968261,
        "dimensiones": "Nothing radio yard nation cut.",
        "tipo_material": "Often I growth reduce itself.",
        "color": "Growth relationship owner down.",
        "pasajero": 6
    }
},
{
    "model": "apaeropuerto.equipaje",
    "pk": 7,
    "fields": {
        "peso": 0.7563864218503927,
        "dimensiones": "Increase add oil water enough administration.",
        "tipo_material": "Major upon girl learn.",
        "color": "Wait year security which white seek.",
        "pasajero": 3
    }
},
{
    "model": "apaeropuerto.equipaje",
    "pk": 8,
    "fields": {
        "peso": 0.8145250816688866,
        "dimensiones": "People stock environmental how central success.",
        "tipo_material": "Agree population high maybe.",
        "color": "Subject surface give crime keep.",
        "pasajero": 5
    }
},
{
    "model": "apaeropuerto.equipaje",
    "pk": 9,
    "fields": {
        "peso": 0.15103030011530127,
        "dimensiones": "Mother nation she turn.",
        "tipo_material": "Thousand political letter.",
        "color": "Energy create behind account reveal.",
        "pasajero": 1
    }
},
{
    "model": "apaeropuerto.equipaje",
    "pk": 10,
    "fields": {
        "peso": 0.09211399027955935,
        "dimensiones": "Discussion pay small account.",
        "tipo_material": "Notice yet over service.",
        "color": "Build born heart race.",
        "pasajero": 8
    }
},
{
    "model": "apaeropuerto.vueloaerolinea",
    "pk": 1,
    "fields": {
        "fecha_operacion": null,
        "estado": "",
        "clase": "E",
        "incidencias": "",
        "vuelo": 1,
        "aerolinea": 3
    }
},
{
    "model": "apaeropuerto.vueloaerolinea",
    "pk": 2,
    "fields": {
        "fecha_operacion": null,
        "estado": "",
        "clase": "E",
        "incidencias": "",
        "vuelo": 1,
        "aerolinea": 1
    }
},
{
    "model": "apaeropuerto.vueloaerolinea",
    "pk": 3,
    "fields": {
        "fecha_operacion": null,
        "estado": "",
        "clase": "E",
        "incidencias": "",
        "vuelo": 2,
        "aerolinea": 4
    }
},
{
    "model": "apaeropuerto.vueloaerolinea",
    "pk": 4,
    "fields": {
        "fecha_operacion": null,
        "estado": "",
        "clase": "E",
        "incidencias": "",
        "vuelo": 3,
        "aerolinea": 9
    }
},
{
    "model": "apaeropuerto.vueloaerolinea",
    "pk": 5,
    "fields": {
        "fecha_operacion": null,
        "estado": "",
        "clase": "E",
        "incidencias": "",
        "vuelo": 4,
        "aerolinea": 9
    }
},
{
    "model": "apaeropuerto.vueloaerolinea",
    "pk": 6,
    "fields": {
        "fecha_operacion": null,
        "estado": "",
        "clase": "E",
        "incidencias": "",
        "vuelo": 5,
        "aerolinea": 5
    }
},
{
    "model": "apaeropuerto.vueloaerolinea",
    "pk": 7,
    "fields": {
        "fecha_operacion": null,
        "estado": "",
        "clase": "E",
        "incidencias": "",
        "vuelo": 5,
        "aerolinea": 4
    }
},
{
    "model": "apaeropuerto.vueloaerolinea",
    "pk": 8,
    "fields": {
        "fecha_operacion": null,
        "estado": "",
        "clase": "E",
        "incidencias": "",
        "vuelo": 5,
        "aerolinea": 2
    }
},
{
    "model": "apaeropuerto.vueloaerolinea",
    "pk": 9,
    "fields": {
        "fecha_operacion": null,
        "estado": "",
        "clase": "E",
        "incidencias": "",
        "vuelo": 6,
        "aerolinea": 3
    }
},
{
    "model": "apaeropuerto.vueloaerolinea",
    "pk": 10,
    "fields": {
        "fecha_operacion": null,
        "estado": "",
        "clase": "E",
        "incidencias": "",
        "vuelo": 6,
        "aerolinea": 10
    }
},
{
    "model": "apaeropuerto.vueloaerolinea",
    "pk": 11,
    "fields": {
        "fecha_operacion": null,
        "estado": "",
        "clase": "E",
        "incidencias": "",
        "vuelo": 6,
        "aerolinea": 1
    }
},
{
    "model": "apaeropuerto.vueloaerolinea",
    "pk": 12,
    "fields": {
        "fecha_operacion": null,
        "estado": "",
        "clase": "E",
        "incidencias": "",
        "vuelo": 7,
        "aerolinea": 8
    }
},
{
    "model": "apaeropuerto.vueloaerolinea",
    "pk": 13,
    "fields": {
        "fecha_operacion": null,
        "estado": "",
        "clase": "E",
        "incidencias": "",
        "vuelo": 8,
        "aerolinea": 9
    }
},
{
    "model": "apaeropuerto.vueloaerolinea",
    "pk": 14,
    "fields": {
        "fecha_operacion": null,
        "estado": "",
        "clase": "E",
        "incidencias": "",
        "vuelo": 9,
        "aerolinea": 2
    }
},
{
    "model": "apaeropuerto.vueloaerolinea",
    "pk": 15,
    "fields": {
        "fecha_operacion": null,
        "estado": "",
        "clase": "E",
        "incidencias": "",
        "vuelo": 10,
        "aerolinea": 10
    }
},
{
    "model": "apaeropuerto.vueloaerolinea",
    "pk": 16,
    "fields": {
        "fecha_operacion": null,
        "estado": "",
        "clase": "E",
        "incidencias": "",
        "vuelo": 10,
        "aerolinea": 9
    }
},
{
    "model": "apaeropuerto.vueloaerolinea",
    "pk": 17,
    "fields": {
        "fecha_operacion": "2017-04-08T19:18:22.483",
        "estado": "Others win space a. Peace themselves arm trouble option buy old admit.\nMoment win dream traditional. Most vote while pick suggest government early.",
        "clase": "E",
        "incidencias": "Board member during and. Civil campaign yourself.",
        "vuelo": 6,
        "aerolinea": 6
    }
},
{
    "model": "apaeropuerto.vueloaerolinea",
    "pk": 18,
    "fields": {
        "fecha_operacion": "1987-03-04T11:16:14.692",
        "estado": "Media despite poor air nothing maintain.\nDrug friend federal. Coach population son force know choice.",
        "clase": "E",
        "incidencias": "Better about perform local day protect. Fall follow our media.",
        "vuelo": 1,
        "aerolinea": 2
    }
},
{
    "model": "apaeropuerto.vueloaerolinea",
    "pk": 19,
    "fields": {
        "fecha_operacion": "2014-08-29T22:59:12.348",
        "estado": "Use resource scientist late race discover for.\nCharge campaign listen hard science industry.\nFuture former structure significant meet. Kitchen structure push nor message.",
        "clase": "E",
        "incidencias": "Next subject them. General myself weight.\nCase own coach large month firm large thought.",
        "vuelo": 2,
        "aerolinea": 10
    }
},
{
    "model": "apaeropuerto.vueloaerolinea",
    "pk": 20,
    "fields": {
        "fecha_operacion": "2018-04-20T20:37:23.374",
        "estado": "Street commercial difference local. The population fly person personal. Only pull wide time first notice parent. Build program anything friend challenge.",
        "clase": "E",
        "incidencias": "Protect general team teach know upon.",
        "vuelo": 5,
        "aerolinea": 5
    }
},
{
    "model": "apaeropuerto.vueloaerolinea",
    "pk": 21,
    "fields": {
        "fecha_operacion": "2021-04-13T06:30:45.196",
        "estado": "High prepare seven want. Practice job control director its item like. Physical race appear state. Federal least some two.",
        "clase": "E",
        "incidencias": "Seven left property.",
        "vuelo": 8,
        "aerolinea": 9
    }
},
{
    "model": "apaeropuerto.vueloaerolinea",
    "pk": 22,
    "fields": {
        "fecha_operacion": "2009-05-05T01:01:15.654",
        "estado": "Company according worker occur price. Beyond east reason trip financial. Place them yourself administration.",
        "clase": "E",
        "incidencias": "Billion society international ago close.",
        "vuelo": 2,
        "aerolinea": 3
    }
},
{
    "model": "apaeropuerto.vueloaerolinea",
    "pk": 23,
    "fields": {
        "fecha_operacion": "1973-04-27T20:53:55.322",
        "estado": "There property response road majority form. Across network down service but especially dream. Window court meeting market put particularly term old.",
        "clase": "E",
        "incidencias": "Someone beautiful wall raise. But different through official. Feel answer sing.",
        "vuelo": 8,
        "aerolinea": 1
    }
},
{
    "model": "apaeropuerto.vueloaerolinea",
    "pk": 24,
    "fields": {
        "fecha_operacion": "2019-08-02T20:44:04.592",
        "estado": "View black question enough listen section phone. Clearly main from someone. Garden window nothing at national air.",
        "clase": "E",
        "incidencias": "Choice teacher share process single enjoy go detail. Staff by tell still woman.",
        "vuelo": 4,
        "aerolinea": 9
    }
},
{
    "model": "apaeropuerto.vueloaerolinea",
    "pk": 25,
    "fields": {
        "fecha_operacion": "1995-11-05T15:52:19.452",
        "estado": "Director area year baby. Could work level. About air read author possible tend economic.\nQuestion court project company serious according success. Debate must board remember event.",
        "clase": "E",
        "incidencias": "Program late hundred tough. Other end western clear.",
        "vuelo": 2,
        "aerolinea": 2
    }
},
{
    "model": "apaeropuerto.vueloaerolinea",
    "pk": 26,
    "fields": {
        "fecha_operacion": "2022-07-29T11:07:34.230",
        "estado": "Family view together mind group five good. Else thought her program official not.\nWith entire soon third herself process. Course quality nice ability home.",
        "clase": "E",
        "incidencias": "Might reason win for usually. Choose from major know.",
        "vuelo": 1,
        "aerolinea": 6
    }
},
{
    "model": "apaeropuerto.reserva",
    "pk": 1,
    "fields": {
        "fecha_reserva": "2025-02-17T14:37:09.088",
        "codigo_descueto": "Position get standard we win office.",
        "metodo_pago": "tarjeta",
        "estado_de_pago": true,
        "pasajero": 7,
        "vuelo": 9
    }
},
{
    "model": "apaeropuerto.reserva",
    "pk": 2,
    "fields": {
        "fecha_reserva": "2025-02-17T14:37:09.088",
        "codigo_descueto": "Impact need newspaper. Director general market discuss.",
        "metodo_pago": "tarjeta",
        "estado_de_pago": true,
        "pasajero": 9,
        "vuelo": 7
    }
},
{
    "model": "apaeropuerto.reserva",
    "pk": 3,
    "fields": {
        "fecha_reserva": "2025-02-17T14:37:09.088",
        "codigo_descueto": "Firm believe him start whether available social. Recently have mother plant thank thing cause.",
        "metodo_pago": "tarjeta",
        "estado_de_pago": true,
        "pasajero": 1,
        "vuelo": 5
    }
},
{
    "model": "apaeropuerto.reserva",
    "pk": 4,
    "fields": {
        "fecha_reserva": "2025-02-17T14:37:09.088",
        "codigo_descueto": "Never environment represent front.",
        "metodo_pago": "tarjeta",
        "estado_de_pago": true,
        "pasajero": 2,
        "vuelo": 2
    }
},
{
    "model": "apaeropuerto.reserva",
    "pk": 5,
    "fields": {
        "fecha_reserva": "2025-02-17T14:37:09.088",
        "codigo_descueto": "One adult term idea country however sing personal. Local social moment local pay call hard.",
        "metodo_pago": "tarjeta",
        "estado_de_pago": true,
        "pasajero": 4,
        "vuelo": 6
    }
},
{
    "model": "apaeropuerto.reserva",
    "pk": 6,
    "fields": {
        "fecha_reserva": "2025-02-17T14:37:09.088",
        "codigo_descueto": "Upon and still list at past. Language understand man table. Blood reach many drug boy into early.",
        "metodo_pago": "tarjeta",
        "estado_de_pago": true,
        "pasajero": 8,
        "vuelo": 1
    }
},
{
    "model": "apaeropuerto.reserva",
    "pk": 7,
    "fields": {
        "fecha_reserva": "2025-02-17T14:37:09.088",
        "codigo_descueto": "Learn approach team attorney almost inside different serve. Throw why our out.",
        "metodo_pago": "tarjeta",
        "estado_de_pago": true,
        "pasajero": 4,
        "vuelo": 9
    }
},
{
    "model": "apaeropuerto.reserva",
    "pk": 8,
    "fields": {
        "fecha_reserva": "2025-02-17T14:37:09.088",
        "codigo_descueto": "Unit improve play south. Ability seven serious light help.",
        "metodo_pago": "tarjeta",
        "estado_de_pago": true,
        "pasajero": 4,
        "vuelo": 1
    }
},
{
    "model": "apaeropuerto.reserva",
    "pk": 9,
    "fields": {
        "fecha_reserva": "2025-02-17T14:37:09.088",
        "codigo_descueto": "Hold star financial create performance gun reach.",
        "metodo_pago": "tarjeta",
        "estado_de_pago": false,
        "pasajero": 3,
        "vuelo": 1
    }
},
{
    "model": "apaeropuerto.reserva",
    "pk": 10,
    "fields": {
        "fecha_reserva": "2025-02-17T14:37:09.088",
        "codigo_descueto": "Girl use fall list worker serious doctor. Again less exist nearly young staff.",
        "metodo_pago": "tarjeta",
        "estado_de_pago": false,
        "pasajero": 2,
        "vuelo": 3
    }
},
{
    "model": "apaeropuerto.asiento",
    "pk": 1,
    "fields": {
        "clase": "E",
        "precio": "0.88",
        "posicion": "V",
        "sistema_entretenimiento": true,
        "vuelo": 9,
        "pasajero": 10
    }
},
{
    "model": "apaeropuerto.asiento",
    "pk": 2,
    "fields": {
        "clase": "E",
        "precio": "0.42",
        "posicion": "V",
        "sistema_entretenimiento": true,
        "vuelo": 10,
        "pasajero": 7
    }
},
{
    "model": "apaeropuerto.asiento",
    "pk": 3,
    "fields": {
        "clase": "E",
        "precio": "0.99",
        "posicion": "P",
        "sistema_entretenimiento": false,
        "vuelo": 9,
        "pasajero": 2
    }
},
{
    "model": "apaeropuerto.asiento",
    "pk": 4,
    "fields": {
        "clase": "E",
        "precio": "0.40",
        "posicion": "M",
        "sistema_entretenimiento": false,
        "vuelo": 4,
        "pasajero": 10
    }
},
{
    "model": "apaeropuerto.asiento",
    "pk": 5,
    "fields": {
        "clase": "E",
        "precio": "0.99",
        "posicion": "V",
        "sistema_entretenimiento": true,
        "vuelo": 7,
        "pasajero": 2
    }
},
{
    "model": "apaeropuerto.asiento",
    "pk": 6,
    "fields": {
        "clase": "E",
        "precio": "0.02",
        "posicion": "V",
        "sistema_entretenimiento": true,
        "vuelo": 5,
        "pasajero": 7
    }
},
{
    "model": "apaeropuerto.asiento",
    "pk": 7,
    "fields": {
        "clase": "E",
        "precio": "0.66",
        "posicion": "P",
        "sistema_entretenimiento": false,
        "vuelo": 7,
        "pasajero": 7
    }
},
{
    "model": "apaeropuerto.asiento",
    "pk": 8,
    "fields": {
        "clase": "E",
        "precio": "0.72",
        "posicion": "M",
        "sistema_entretenimiento": true,
        "vuelo": 10,
        "pasajero": 1
    }
},
{
    "model": "apaeropuerto.asiento",
    "pk": 9,
    "fields": {
        "clase": "E",
        "precio": "0.12",
        "posicion": "P",
        "sistema_entretenimiento": false,
        "vuelo": 7,
        "pasajero": 1
    }
},
{
    "model": "apaeropuerto.asiento",
    "pk": 10,
    "fields": {
        "clase": "E",
        "precio": "0.07",
        "posicion": "P",
        "sistema_entretenimiento": true,
        "vuelo": 7,
        "pasajero": 10
    }
},
{
    "model": "apaeropuerto.servicio",
    "pk": 1,
    "fields": {
        "tipo_servicio": "View especially south item during let. Professor finally for suddenly newspaper add participant.",
        "costo": 0.9555972927974304,
        "duracion_servicio": "06:20:00",
        "añadido": "Economy fire poor thought evening bill son. Its our probably charge baby.",
        "aeropuerto": [
            4,
            8
        ]
    }
},
{
    "model": "apaeropuerto.servicio",
    "pk": 2,
    "fields": {
        "tipo_servicio": "As show nor job treat better.",
        "costo": 0.7115456106858956,
        "duracion_servicio": "01:24:20",
        "añadido": "Star word nice land effect beautiful minute side. Grow term radio recognize.",
        "aeropuerto": [
            6
        ]
    }
},
{
    "model": "apaeropuerto.servicio",
    "pk": 3,
    "fields": {
        "tipo_servicio": "Nothing situation doctor.",
        "costo": 0.6675388877737177,
        "duracion_servicio": "22:39:00",
        "añadido": "Themselves early song child unit prepare agree. Must development travel line face.",
        "aeropuerto": [
            4,
            9
        ]
    }
},
{
    "model": "apaeropuerto.servicio",
    "pk": 4,
    "fields": {
        "tipo_servicio": "Reach bank away artist sit may state drive. Lot color ready front their trial candidate occur.",
        "costo": 0.2596787829167777,
        "duracion_servicio": "22:09:42",
        "añadido": "Investment well doctor sort. Ago fact edge year build.",
        "aeropuerto": [
            4,
            6
        ]
    }
},
{
    "model": "apaeropuerto.servicio",
    "pk": 5,
    "fields": {
        "tipo_servicio": "Option factor nearly. Forget why program.",
        "costo": 0.9777730122843509,
        "duracion_servicio": "06:12:06",
        "añadido": "Question next choose perhaps find attention. Human civil though someone those.",
        "aeropuerto": [
            1,
            6
        ]
    }
},
{
    "model": "apaeropuerto.servicio",
    "pk": 6,
    "fields": {
        "tipo_servicio": "Free sport station understand war. Return anyone hospital should indeed.",
        "costo": 0.03582826077397394,
        "duracion_servicio": "07:15:05",
        "añadido": "So himself prove miss. Them hand guess year street. Note wife have star oil.",
        "aeropuerto": [
            4
        ]
    }
},
{
    "model": "apaeropuerto.servicio",
    "pk": 7,
    "fields": {
        "tipo_servicio": "Teacher matter minute population not type year. Themselves red experience call or tree.",
        "costo": 0.8521092650775347,
        "duracion_servicio": "12:01:51",
        "añadido": "Church Mr hold on and. Thank because respond from early. Campaign must central recent.",
        "aeropuerto": [
            3
        ]
    }
},
{
    "model": "apaeropuerto.servicio",
    "pk": 8,
    "fields": {
        "tipo_servicio": "Wonder involve contain. Off send change join fine development.",
        "costo": 0.3580024901963478,
        "duracion_servicio": "09:03:21",
        "añadido": "Song speech produce million. Hospital assume lay.",
        "aeropuerto": [
            8,
            9
        ]
    }
},
{
    "model": "apaeropuerto.servicio",
    "pk": 9,
    "fields": {
        "tipo_servicio": "Hand of security area. Product bad energy. Effort reach financial raise mouth interview.",
        "costo": 0.218898022224286,
        "duracion_servicio": "21:45:47",
        "añadido": "State knowledge enter thousand. Receive oil reflect get final.",
        "aeropuerto": [
            4,
            5,
            10
        ]
    }
},
{
    "model": "apaeropuerto.servicio",
    "pk": 10,
    "fields": {
        "tipo_servicio": "Relationship economic never information. Then explain career present.",
        "costo": 0.5077993355093087,
        "duracion_servicio": "20:02:46",
        "añadido": "Cover series fill task campaign interesting himself. Onto character film sound behavior.",
        "aeropuerto": [
            6
        ]
    }
},
{
    "model": "apaeropuerto.empleado",
    "pk": 1,
    "fields": {
        "nombre": "Human conference peace operation coach. Serious short fact name.",
        "apellido": "Early imagine already line form team. Up cause doctor. Fund organization government easy.",
        "cargo": "EM",
        "fecha_contratacion": "1996-05-22",
        "servicio": 10
    }
},
{
    "model": "apaeropuerto.empleado",
    "pk": 2,
    "fields": {
        "nombre": "Brother book store safe half ground wear.",
        "apellido": "Fear improve I behavior space. Common shoulder science up. Peace safe sea green recognize.",
        "cargo": "EM",
        "fecha_contratacion": "1977-07-22",
        "servicio": 7
    }
},
{
    "model": "apaeropuerto.empleado",
    "pk": 3,
    "fields": {
        "nombre": "Change trade six whom. Democratic might break participant place.",
        "apellido": "Amount claim military early left bad dog. Remember easy wonder.",
        "cargo": "EM",
        "fecha_contratacion": "1978-02-04",
        "servicio": 10
    }
},
{
    "model": "apaeropuerto.empleado",
    "pk": 4,
    "fields": {
        "nombre": "Want discover art have prepare. Character hit soon eight thing. Action democratic realize home boy.",
        "apellido": "Consumer guess time.\nOur make include somebody whom politics. Executive summer chair law your.",
        "cargo": "EM",
        "fecha_contratacion": "2017-01-08",
        "servicio": 2
    }
},
{
    "model": "apaeropuerto.empleado",
    "pk": 5,
    "fields": {
        "nombre": "Positive different first coach. Table human put they. Certain hospital record really.",
        "apellido": "She choose check conference partner five always. Set couple right role statement with example.",
        "cargo": "EM",
        "fecha_contratacion": "1978-09-06",
        "servicio": 4
    }
},
{
    "model": "apaeropuerto.empleado",
    "pk": 6,
    "fields": {
        "nombre": "During reason sell upon glass personal area color. Money which treat ahead process such forward.",
        "apellido": "Parent spring look available. Staff positive personal finish address.",
        "cargo": "EM",
        "fecha_contratacion": "2001-12-12",
        "servicio": 5
    }
},
{
    "model": "apaeropuerto.empleado",
    "pk": 7,
    "fields": {
        "nombre": "Star kid to thing. Heart believe order. Similar yourself dog suggest. Product seat car far.",
        "apellido": "Cold better industry station. Seven home suffer. Someone paper through point tell.",
        "cargo": "EM",
        "fecha_contratacion": "2023-09-23",
        "servicio": 9
    }
},
{
    "model": "apaeropuerto.empleado",
    "pk": 8,
    "fields": {
        "nombre": "Throw inside make choice close home manage ever. Cup use hope task strategy boy trip.",
        "apellido": "Low return shake. Him evidence remember into. Certainly end reality budget president indicate fall.",
        "cargo": "EM",
        "fecha_contratacion": "2010-05-27",
        "servicio": 10
    }
},
{
    "model": "apaeropuerto.empleado",
    "pk": 9,
    "fields": {
        "nombre": "Consider operation painting modern seek expert.",
        "apellido": "Land movement expect reduce sister suffer act stage.",
        "cargo": "EM",
        "fecha_contratacion": "1990-03-05",
        "servicio": 5
    }
},
{
    "model": "apaeropuerto.empleado",
    "pk": 10,
    "fields": {
        "nombre": "Measure quality else big. Business style stock. Us analysis who debate seek much.",
        "apellido": "Bad carry toward however speak. Start window kid strong itself situation.",
        "cargo": "EM",
        "fecha_contratacion": "1987-06-30",
        "servicio": 7
    }
}
]
