[
{
    "model": "auth.permission",
    "pk": 1,
    "fields": {
        "name": "Can add log entry",
        "content_type": 1,
        "codename": "add_logentry"
    }
},
{
    "model": "auth.permission",
    "pk": 2,
    "fields": {
        "name": "Can change log entry",
        "content_type": 1,
        "codename": "change_logentry"
    }
},
{
    "model": "auth.permission",
    "pk": 3,
    "fields": {
        "name": "Can delete log entry",
        "content_type": 1,
        "codename": "delete_logentry"
    }
},
{
    "model": "auth.permission",
    "pk": 4,
    "fields": {
        "name": "Can view log entry",
        "content_type": 1,
        "codename": "view_logentry"
    }
},
{
    "model": "auth.permission",
    "pk": 5,
    "fields": {
        "name": "Can add permission",
        "content_type": 2,
        "codename": "add_permission"
    }
},
{
    "model": "auth.permission",
    "pk": 6,
    "fields": {
        "name": "Can change permission",
        "content_type": 2,
        "codename": "change_permission"
    }
},
{
    "model": "auth.permission",
    "pk": 7,
    "fields": {
        "name": "Can delete permission",
        "content_type": 2,
        "codename": "delete_permission"
    }
},
{
    "model": "auth.permission",
    "pk": 8,
    "fields": {
        "name": "Can view permission",
        "content_type": 2,
        "codename": "view_permission"
    }
},
{
    "model": "auth.permission",
    "pk": 9,
    "fields": {
        "name": "Can add group",
        "content_type": 3,
        "codename": "add_group"
    }
},
{
    "model": "auth.permission",
    "pk": 10,
    "fields": {
        "name": "Can change group",
        "content_type": 3,
        "codename": "change_group"
    }
},
{
    "model": "auth.permission",
    "pk": 11,
    "fields": {
        "name": "Can delete group",
        "content_type": 3,
        "codename": "delete_group"
    }
},
{
    "model": "auth.permission",
    "pk": 12,
    "fields": {
        "name": "Can view group",
        "content_type": 3,
        "codename": "view_group"
    }
},
{
    "model": "auth.permission",
    "pk": 13,
    "fields": {
        "name": "Can add content type",
        "content_type": 4,
        "codename": "add_contenttype"
    }
},
{
    "model": "auth.permission",
    "pk": 14,
    "fields": {
        "name": "Can change content type",
        "content_type": 4,
        "codename": "change_contenttype"
    }
},
{
    "model": "auth.permission",
    "pk": 15,
    "fields": {
        "name": "Can delete content type",
        "content_type": 4,
        "codename": "delete_contenttype"
    }
},
{
    "model": "auth.permission",
    "pk": 16,
    "fields": {
        "name": "Can view content type",
        "content_type": 4,
        "codename": "view_contenttype"
    }
},
{
    "model": "auth.permission",
    "pk": 17,
    "fields": {
        "name": "Can add session",
        "content_type": 5,
        "codename": "add_session"
    }
},
{
    "model": "auth.permission",
    "pk": 18,
    "fields": {
        "name": "Can change session",
        "content_type": 5,
        "codename": "change_session"
    }
},
{
    "model": "auth.permission",
    "pk": 19,
    "fields": {
        "name": "Can delete session",
        "content_type": 5,
        "codename": "delete_session"
    }
},
{
    "model": "auth.permission",
    "pk": 20,
    "fields": {
        "name": "Can view session",
        "content_type": 5,
        "codename": "view_session"
    }
},
{
    "model": "auth.permission",
    "pk": 21,
    "fields": {
        "name": "Can add aeropuerto",
        "content_type": 6,
        "codename": "add_aeropuerto"
    }
},
{
    "model": "auth.permission",
    "pk": 22,
    "fields": {
        "name": "Can change aeropuerto",
        "content_type": 6,
        "codename": "change_aeropuerto"
    }
},
{
    "model": "auth.permission",
    "pk": 23,
    "fields": {
        "name": "Can delete aeropuerto",
        "content_type": 6,
        "codename": "delete_aeropuerto"
    }
},
{
    "model": "auth.permission",
    "pk": 24,
    "fields": {
        "name": "Can view aeropuerto",
        "content_type": 6,
        "codename": "view_aeropuerto"
    }
},
{
    "model": "auth.permission",
    "pk": 25,
    "fields": {
        "name": "Can add user",
        "content_type": 7,
        "codename": "add_usuario"
    }
},
{
    "model": "auth.permission",
    "pk": 26,
    "fields": {
        "name": "Can change user",
        "content_type": 7,
        "codename": "change_usuario"
    }
},
{
    "model": "auth.permission",
    "pk": 27,
    "fields": {
        "name": "Can delete user",
        "content_type": 7,
        "codename": "delete_usuario"
    }
},
{
    "model": "auth.permission",
    "pk": 28,
    "fields": {
        "name": "Can view user",
        "content_type": 7,
        "codename": "view_usuario"
    }
},
{
    "model": "auth.permission",
    "pk": 29,
    "fields": {
        "name": "Can add aerolinea",
        "content_type": 8,
        "codename": "add_aerolinea"
    }
},
{
    "model": "auth.permission",
    "pk": 30,
    "fields": {
        "name": "Can change aerolinea",
        "content_type": 8,
        "codename": "change_aerolinea"
    }
},
{
    "model": "auth.permission",
    "pk": 31,
    "fields": {
        "name": "Can delete aerolinea",
        "content_type": 8,
        "codename": "delete_aerolinea"
    }
},
{
    "model": "auth.permission",
    "pk": 32,
    "fields": {
        "name": "Can view aerolinea",
        "content_type": 8,
        "codename": "view_aerolinea"
    }
},
{
    "model": "auth.permission",
    "pk": 33,
    "fields": {
        "name": "Can add contacto aeropuerto",
        "content_type": 9,
        "codename": "add_contactoaeropuerto"
    }
},
{
    "model": "auth.permission",
    "pk": 34,
    "fields": {
        "name": "Can change contacto aeropuerto",
        "content_type": 9,
        "codename": "change_contactoaeropuerto"
    }
},
{
    "model": "auth.permission",
    "pk": 35,
    "fields": {
        "name": "Can delete contacto aeropuerto",
        "content_type": 9,
        "codename": "delete_contactoaeropuerto"
    }
},
{
    "model": "auth.permission",
    "pk": 36,
    "fields": {
        "name": "Can view contacto aeropuerto",
        "content_type": 9,
        "codename": "view_contactoaeropuerto"
    }
},
{
    "model": "auth.permission",
    "pk": 37,
    "fields": {
        "name": "Can add gerente",
        "content_type": 10,
        "codename": "add_gerente"
    }
},
{
    "model": "auth.permission",
    "pk": 38,
    "fields": {
        "name": "Can change gerente",
        "content_type": 10,
        "codename": "change_gerente"
    }
},
{
    "model": "auth.permission",
    "pk": 39,
    "fields": {
        "name": "Can delete gerente",
        "content_type": 10,
        "codename": "delete_gerente"
    }
},
{
    "model": "auth.permission",
    "pk": 40,
    "fields": {
        "name": "Can view gerente",
        "content_type": 10,
        "codename": "view_gerente"
    }
},
{
    "model": "auth.permission",
    "pk": 41,
    "fields": {
        "name": "Can add pasajero",
        "content_type": 11,
        "codename": "add_pasajero"
    }
},
{
    "model": "auth.permission",
    "pk": 42,
    "fields": {
        "name": "Can change pasajero",
        "content_type": 11,
        "codename": "change_pasajero"
    }
},
{
    "model": "auth.permission",
    "pk": 43,
    "fields": {
        "name": "Can delete pasajero",
        "content_type": 11,
        "codename": "delete_pasajero"
    }
},
{
    "model": "auth.permission",
    "pk": 44,
    "fields": {
        "name": "Can view pasajero",
        "content_type": 11,
        "codename": "view_pasajero"
    }
},
{
    "model": "auth.permission",
    "pk": 45,
    "fields": {
        "name": "Can add equipaje",
        "content_type": 12,
        "codename": "add_equipaje"
    }
},
{
    "model": "auth.permission",
    "pk": 46,
    "fields": {
        "name": "Can change equipaje",
        "content_type": 12,
        "codename": "change_equipaje"
    }
},
{
    "model": "auth.permission",
    "pk": 47,
    "fields": {
        "name": "Can delete equipaje",
        "content_type": 12,
        "codename": "delete_equipaje"
    }
},
{
    "model": "auth.permission",
    "pk": 48,
    "fields": {
        "name": "Can view equipaje",
        "content_type": 12,
        "codename": "view_equipaje"
    }
},
{
    "model": "auth.permission",
    "pk": 49,
    "fields": {
        "name": "Can add reserva",
        "content_type": 13,
        "codename": "add_reserva"
    }
},
{
    "model": "auth.permission",
    "pk": 50,
    "fields": {
        "name": "Can change reserva",
        "content_type": 13,
        "codename": "change_reserva"
    }
},
{
    "model": "auth.permission",
    "pk": 51,
    "fields": {
        "name": "Can delete reserva",
        "content_type": 13,
        "codename": "delete_reserva"
    }
},
{
    "model": "auth.permission",
    "pk": 52,
    "fields": {
        "name": "Can view reserva",
        "content_type": 13,
        "codename": "view_reserva"
    }
},
{
    "model": "auth.permission",
    "pk": 53,
    "fields": {
        "name": "Can add servicio",
        "content_type": 14,
        "codename": "add_servicio"
    }
},
{
    "model": "auth.permission",
    "pk": 54,
    "fields": {
        "name": "Can change servicio",
        "content_type": 14,
        "codename": "change_servicio"
    }
},
{
    "model": "auth.permission",
    "pk": 55,
    "fields": {
        "name": "Can delete servicio",
        "content_type": 14,
        "codename": "delete_servicio"
    }
},
{
    "model": "auth.permission",
    "pk": 56,
    "fields": {
        "name": "Can view servicio",
        "content_type": 14,
        "codename": "view_servicio"
    }
},
{
    "model": "auth.permission",
    "pk": 57,
    "fields": {
        "name": "Can add empleado",
        "content_type": 15,
        "codename": "add_empleado"
    }
},
{
    "model": "auth.permission",
    "pk": 58,
    "fields": {
        "name": "Can change empleado",
        "content_type": 15,
        "codename": "change_empleado"
    }
},
{
    "model": "auth.permission",
    "pk": 59,
    "fields": {
        "name": "Can delete empleado",
        "content_type": 15,
        "codename": "delete_empleado"
    }
},
{
    "model": "auth.permission",
    "pk": 60,
    "fields": {
        "name": "Can view empleado",
        "content_type": 15,
        "codename": "view_empleado"
    }
},
{
    "model": "auth.permission",
    "pk": 61,
    "fields": {
        "name": "Can add vuelo",
        "content_type": 16,
        "codename": "add_vuelo"
    }
},
{
    "model": "auth.permission",
    "pk": 62,
    "fields": {
        "name": "Can change vuelo",
        "content_type": 16,
        "codename": "change_vuelo"
    }
},
{
    "model": "auth.permission",
    "pk": 63,
    "fields": {
        "name": "Can delete vuelo",
        "content_type": 16,
        "codename": "delete_vuelo"
    }
},
{
    "model": "auth.permission",
    "pk": 64,
    "fields": {
        "name": "Can view vuelo",
        "content_type": 16,
        "codename": "view_vuelo"
    }
},
{
    "model": "auth.permission",
    "pk": 65,
    "fields": {
        "name": "Can add estadisticas vuelo",
        "content_type": 17,
        "codename": "add_estadisticasvuelo"
    }
},
{
    "model": "auth.permission",
    "pk": 66,
    "fields": {
        "name": "Can change estadisticas vuelo",
        "content_type": 17,
        "codename": "change_estadisticasvuelo"
    }
},
{
    "model": "auth.permission",
    "pk": 67,
    "fields": {
        "name": "Can delete estadisticas vuelo",
        "content_type": 17,
        "codename": "delete_estadisticasvuelo"
    }
},
{
    "model": "auth.permission",
    "pk": 68,
    "fields": {
        "name": "Can view estadisticas vuelo",
        "content_type": 17,
        "codename": "view_estadisticasvuelo"
    }
},
{
    "model": "auth.permission",
    "pk": 69,
    "fields": {
        "name": "Can add asiento",
        "content_type": 18,
        "codename": "add_asiento"
    }
},
{
    "model": "auth.permission",
    "pk": 70,
    "fields": {
        "name": "Can change asiento",
        "content_type": 18,
        "codename": "change_asiento"
    }
},
{
    "model": "auth.permission",
    "pk": 71,
    "fields": {
        "name": "Can delete asiento",
        "content_type": 18,
        "codename": "delete_asiento"
    }
},
{
    "model": "auth.permission",
    "pk": 72,
    "fields": {
        "name": "Can view asiento",
        "content_type": 18,
        "codename": "view_asiento"
    }
},
{
    "model": "auth.permission",
    "pk": 73,
    "fields": {
        "name": "Can add vuelo aerolinea",
        "content_type": 19,
        "codename": "add_vueloaerolinea"
    }
},
{
    "model": "auth.permission",
    "pk": 74,
    "fields": {
        "name": "Can change vuelo aerolinea",
        "content_type": 19,
        "codename": "change_vueloaerolinea"
    }
},
{
    "model": "auth.permission",
    "pk": 75,
    "fields": {
        "name": "Can delete vuelo aerolinea",
        "content_type": 19,
        "codename": "delete_vueloaerolinea"
    }
},
{
    "model": "auth.permission",
    "pk": 76,
    "fields": {
        "name": "Can view vuelo aerolinea",
        "content_type": 19,
        "codename": "view_vueloaerolinea"
    }
},
{
    "model": "auth.permission",
    "pk": 77,
    "fields": {
        "name": "Can add application",
        "content_type": 20,
        "codename": "add_application"
    }
},
{
    "model": "auth.permission",
    "pk": 78,
    "fields": {
        "name": "Can change application",
        "content_type": 20,
        "codename": "change_application"
    }
},
{
    "model": "auth.permission",
    "pk": 79,
    "fields": {
        "name": "Can delete application",
        "content_type": 20,
        "codename": "delete_application"
    }
},
{
    "model": "auth.permission",
    "pk": 80,
    "fields": {
        "name": "Can view application",
        "content_type": 20,
        "codename": "view_application"
    }
},
{
    "model": "auth.permission",
    "pk": 81,
    "fields": {
        "name": "Can add access token",
        "content_type": 21,
        "codename": "add_accesstoken"
    }
},
{
    "model": "auth.permission",
    "pk": 82,
    "fields": {
        "name": "Can change access token",
        "content_type": 21,
        "codename": "change_accesstoken"
    }
},
{
    "model": "auth.permission",
    "pk": 83,
    "fields": {
        "name": "Can delete access token",
        "content_type": 21,
        "codename": "delete_accesstoken"
    }
},
{
    "model": "auth.permission",
    "pk": 84,
    "fields": {
        "name": "Can view access token",
        "content_type": 21,
        "codename": "view_accesstoken"
    }
},
{
    "model": "auth.permission",
    "pk": 85,
    "fields": {
        "name": "Can add grant",
        "content_type": 22,
        "codename": "add_grant"
    }
},
{
    "model": "auth.permission",
    "pk": 86,
    "fields": {
        "name": "Can change grant",
        "content_type": 22,
        "codename": "change_grant"
    }
},
{
    "model": "auth.permission",
    "pk": 87,
    "fields": {
        "name": "Can delete grant",
        "content_type": 22,
        "codename": "delete_grant"
    }
},
{
    "model": "auth.permission",
    "pk": 88,
    "fields": {
        "name": "Can view grant",
        "content_type": 22,
        "codename": "view_grant"
    }
},
{
    "model": "auth.permission",
    "pk": 89,
    "fields": {
        "name": "Can add refresh token",
        "content_type": 23,
        "codename": "add_refreshtoken"
    }
},
{
    "model": "auth.permission",
    "pk": 90,
    "fields": {
        "name": "Can change refresh token",
        "content_type": 23,
        "codename": "change_refreshtoken"
    }
},
{
    "model": "auth.permission",
    "pk": 91,
    "fields": {
        "name": "Can delete refresh token",
        "content_type": 23,
        "codename": "delete_refreshtoken"
    }
},
{
    "model": "auth.permission",
    "pk": 92,
    "fields": {
        "name": "Can view refresh token",
        "content_type": 23,
        "codename": "view_refreshtoken"
    }
},
{
    "model": "auth.permission",
    "pk": 93,
    "fields": {
        "name": "Can add id token",
        "content_type": 24,
        "codename": "add_idtoken"
    }
},
{
    "model": "auth.permission",
    "pk": 94,
    "fields": {
        "name": "Can change id token",
        "content_type": 24,
        "codename": "change_idtoken"
    }
},
{
    "model": "auth.permission",
    "pk": 95,
    "fields": {
        "name": "Can delete id token",
        "content_type": 24,
        "codename": "delete_idtoken"
    }
},
{
    "model": "auth.permission",
    "pk": 96,
    "fields": {
        "name": "Can view id token",
        "content_type": 24,
        "codename": "view_idtoken"
    }
},
{
    "model": "auth.group",
    "pk": 1,
    "fields": {
        "name": "Pasajero",
        "permissions": [
            49,
            50,
            51,
            52
        ]
    }
},
{
    "model": "auth.group",
    "pk": 2,
    "fields": {
        "name": "Gerente",
        "permissions": [
            65,
            66,
            67,
            68
        ]
    }
},
{
    "model": "contenttypes.contenttype",
    "pk": 1,
    "fields": {
        "app_label": "admin",
        "model": "logentry"
    }
},
{
    "model": "contenttypes.contenttype",
    "pk": 2,
    "fields": {
        "app_label": "auth",
        "model": "permission"
    }
},
{
    "model": "contenttypes.contenttype",
    "pk": 3,
    "fields": {
        "app_label": "auth",
        "model": "group"
    }
},
{
    "model": "contenttypes.contenttype",
    "pk": 4,
    "fields": {
        "app_label": "contenttypes",
        "model": "contenttype"
    }
},
{
    "model": "contenttypes.contenttype",
    "pk": 5,
    "fields": {
        "app_label": "sessions",
        "model": "session"
    }
},
{
    "model": "contenttypes.contenttype",
    "pk": 6,
    "fields": {
        "app_label": "apaeropuerto",
        "model": "aeropuerto"
    }
},
{
    "model": "contenttypes.contenttype",
    "pk": 7,
    "fields": {
        "app_label": "apaeropuerto",
        "model": "usuario"
    }
},
{
    "model": "contenttypes.contenttype",
    "pk": 8,
    "fields": {
        "app_label": "apaeropuerto",
        "model": "aerolinea"
    }
},
{
    "model": "contenttypes.contenttype",
    "pk": 9,
    "fields": {
        "app_label": "apaeropuerto",
        "model": "contactoaeropuerto"
    }
},
{
    "model": "contenttypes.contenttype",
    "pk": 10,
    "fields": {
        "app_label": "apaeropuerto",
        "model": "gerente"
    }
},
{
    "model": "contenttypes.contenttype",
    "pk": 11,
    "fields": {
        "app_label": "apaeropuerto",
        "model": "pasajero"
    }
},
{
    "model": "contenttypes.contenttype",
    "pk": 12,
    "fields": {
        "app_label": "apaeropuerto",
        "model": "equipaje"
    }
},
{
    "model": "contenttypes.contenttype",
    "pk": 13,
    "fields": {
        "app_label": "apaeropuerto",
        "model": "reserva"
    }
},
{
    "model": "contenttypes.contenttype",
    "pk": 14,
    "fields": {
        "app_label": "apaeropuerto",
        "model": "servicio"
    }
},
{
    "model": "contenttypes.contenttype",
    "pk": 15,
    "fields": {
        "app_label": "apaeropuerto",
        "model": "empleado"
    }
},
{
    "model": "contenttypes.contenttype",
    "pk": 16,
    "fields": {
        "app_label": "apaeropuerto",
        "model": "vuelo"
    }
},
{
    "model": "contenttypes.contenttype",
    "pk": 17,
    "fields": {
        "app_label": "apaeropuerto",
        "model": "estadisticasvuelo"
    }
},
{
    "model": "contenttypes.contenttype",
    "pk": 18,
    "fields": {
        "app_label": "apaeropuerto",
        "model": "asiento"
    }
},
{
    "model": "contenttypes.contenttype",
    "pk": 19,
    "fields": {
        "app_label": "apaeropuerto",
        "model": "vueloaerolinea"
    }
},
{
    "model": "contenttypes.contenttype",
    "pk": 20,
    "fields": {
        "app_label": "oauth2_provider",
        "model": "application"
    }
},
{
    "model": "contenttypes.contenttype",
    "pk": 21,
    "fields": {
        "app_label": "oauth2_provider",
        "model": "accesstoken"
    }
},
{
    "model": "contenttypes.contenttype",
    "pk": 22,
    "fields": {
        "app_label": "oauth2_provider",
        "model": "grant"
    }
},
{
    "model": "contenttypes.contenttype",
    "pk": 23,
    "fields": {
        "app_label": "oauth2_provider",
        "model": "refreshtoken"
    }
},
{
    "model": "contenttypes.contenttype",
    "pk": 24,
    "fields": {
        "app_label": "oauth2_provider",
        "model": "idtoken"
    }
},
{
    "model": "sessions.session",
    "pk": "4zm5fkjg4fghnxnqdh7sqtszmyzn7aog",
    "fields": {
        "session_data": "eyJmZWNoYV9pbmljaW8iOiIyOC8wMS8yMDI1IDA4OjUwIn0:1tcgMI:qwhEmvpe_GnDHNl4qxeCB8KcAw529mdGZQwH64Ivrc0",
        "expire_date": "2025-02-11T08:50:06.490"
    }
},
{
    "model": "sessions.session",
    "pk": "dfrzq6330o6zbcuulhtuc019rar67hn9",
    "fields": {
        "session_data": "eyJmZWNoYV9pbmljaW8iOiIyOC8wMS8yMDI1IDA5OjM2In0:1tch4p:FHrnYo2NF_L709qOWHUqb32Qt4iRJ7eEh5eCVWDh4KE",
        "expire_date": "2025-02-11T09:36:07.563"
    }
},
{
    "model": "apaeropuerto.usuario",
    "pk": 1,
    "fields": {
        "password": "Whom tax develop no. My environmental individual girl you. Bar suffer war. Successful threat enjoy evening.",
        "last_login": "2015-04-14T23:53:51.041",
        "is_superuser": false,
        "username": "ctaylor",
        "first_name": "Tiffany",
        "last_name": "Brooks",
        "email": "trevor94@example.org",
        "is_staff": false,
        "is_active": true,
        "date_joined": "2025-02-04T13:00:46.188",
        "rol": 1,
        "groups": [],
        "user_permissions": []
    }
},
{
    "model": "apaeropuerto.usuario",
    "pk": 2,
    "fields": {
        "password": "Letter deal pattern. Play miss Mr edge door. Lead grow unit career.",
        "last_login": "2011-11-11T22:35:57.218",
        "is_superuser": true,
        "username": "fitzpatrickstephen",
        "first_name": "Jeremiah",
        "last_name": "Flowers",
        "email": "changjeffrey@example.com",
        "is_staff": false,
        "is_active": true,
        "date_joined": "2025-02-04T13:00:46.188",
        "rol": 1,
        "groups": [],
        "user_permissions": []
    }
},
{
    "model": "apaeropuerto.usuario",
    "pk": 3,
    "fields": {
        "password": "Start best perform air see brother. Close truth produce school. The far mouth they happy center.",
        "last_login": "2004-07-01T16:39:11.852",
        "is_superuser": false,
        "username": "rogersmichael",
        "first_name": "Alex",
        "last_name": "Campbell",
        "email": "nfields@example.org",
        "is_staff": false,
        "is_active": true,
        "date_joined": "2025-02-04T13:00:46.188",
        "rol": 1,
        "groups": [],
        "user_permissions": []
    }
},
{
    "model": "apaeropuerto.usuario",
    "pk": 4,
    "fields": {
        "password": "Show five your whether difficult movement.",
        "last_login": "1983-07-06T05:41:15.357",
        "is_superuser": true,
        "username": "patriciasmith",
        "first_name": "Kaitlin",
        "last_name": "Navarro",
        "email": "maria67@example.net",
        "is_staff": false,
        "is_active": true,
        "date_joined": "2025-02-04T13:00:46.188",
        "rol": 1,
        "groups": [],
        "user_permissions": []
    }
},
{
    "model": "apaeropuerto.usuario",
    "pk": 5,
    "fields": {
        "password": "Treatment rock star decide major. Level someone paper. Effect listen by second involve economy TV.",
        "last_login": "1983-04-16T18:13:16.924",
        "is_superuser": true,
        "username": "steven39",
        "first_name": "Mark",
        "last_name": "Mitchell",
        "email": "steven73@example.com",
        "is_staff": false,
        "is_active": true,
        "date_joined": "2025-02-04T13:00:46.188",
        "rol": 1,
        "groups": [],
        "user_permissions": []
    }
},
{
    "model": "apaeropuerto.usuario",
    "pk": 6,
    "fields": {
        "password": "Old class create coach do parent. Boy view citizen then.",
        "last_login": "1993-02-08T23:56:39.811",
        "is_superuser": true,
        "username": "duncanandrea",
        "first_name": "Rachel",
        "last_name": "Gray",
        "email": "angela71@example.net",
        "is_staff": true,
        "is_active": true,
        "date_joined": "2025-02-04T13:00:46.188",
        "rol": 1,
        "groups": [],
        "user_permissions": []
    }
},
{
    "model": "apaeropuerto.usuario",
    "pk": 7,
    "fields": {
        "password": "Of central least short charge most identify. I watch cause television. Phone eat easy machine these movement all.",
        "last_login": "2024-01-07T21:18:46.105",
        "is_superuser": true,
        "username": "cvelazquez",
        "first_name": "Anthony",
        "last_name": "Washington",
        "email": "simsdiamond@example.com",
        "is_staff": false,
        "is_active": true,
        "date_joined": "2025-02-04T13:00:46.188",
        "rol": 1,
        "groups": [],
        "user_permissions": []
    }
},
{
    "model": "apaeropuerto.usuario",
    "pk": 8,
    "fields": {
        "password": "Start party car figure. Door family form long white it within. Woman world old but.",
        "last_login": "1979-02-23T18:04:53.090",
        "is_superuser": true,
        "username": "michaelcunningham",
        "first_name": "Teresa",
        "last_name": "Brown",
        "email": "edwardsnicholas@example.net",
        "is_staff": false,
        "is_active": true,
        "date_joined": "2025-02-04T13:00:46.188",
        "rol": 1,
        "groups": [],
        "user_permissions": []
    }
},
{
    "model": "apaeropuerto.usuario",
    "pk": 9,
    "fields": {
        "password": "Parent effort phone government store contain last foot. Ball half certain want summer your leave. Piece available nothing.",
        "last_login": "1988-10-30T02:12:37.997",
        "is_superuser": true,
        "username": "uriddle",
        "first_name": "Melinda",
        "last_name": "Donovan",
        "email": "debrawest@example.net",
        "is_staff": true,
        "is_active": true,
        "date_joined": "2025-02-04T13:00:46.188",
        "rol": 1,
        "groups": [],
        "user_permissions": []
    }
},
{
    "model": "apaeropuerto.usuario",
    "pk": 10,
    "fields": {
        "password": "Care with perhaps. Glass address whole bank. Herself ground accept heavy weight agent wish.\nPrepare admit continue bill.",
        "last_login": "1995-08-28T20:59:20.979",
        "is_superuser": true,
        "username": "mwilliams",
        "first_name": "Christopher",
        "last_name": "Smith",
        "email": "nmoran@example.com",
        "is_staff": true,
        "is_active": true,
        "date_joined": "2025-02-04T13:00:46.188",
        "rol": 1,
        "groups": [],
        "user_permissions": []
    }
},
{
    "model": "apaeropuerto.usuario",
    "pk": 11,
    "fields": {
        "password": "Word already site best. Half edge mission support war interesting item.",
        "last_login": "2018-04-25T02:28:10.725",
        "is_superuser": true,
        "username": "matthew23",
        "first_name": "Brady",
        "last_name": "Roberts",
        "email": "jaime26@example.net",
        "is_staff": false,
        "is_active": true,
        "date_joined": "2025-02-04T13:00:46.188",
        "rol": 1,
        "groups": [],
        "user_permissions": []
    }
},
{
    "model": "apaeropuerto.usuario",
    "pk": 12,
    "fields": {
        "password": "Case tonight clear act teach. Car color wear song assume always. But create case executive.",
        "last_login": "1971-03-02T15:27:26.081",
        "is_superuser": false,
        "username": "suzanneoliver",
        "first_name": "Thomas",
        "last_name": "Sanchez",
        "email": "kellyparks@example.com",
        "is_staff": true,
        "is_active": true,
        "date_joined": "2025-02-04T13:00:46.188",
        "rol": 1,
        "groups": [],
        "user_permissions": []
    }
},
{
    "model": "apaeropuerto.usuario",
    "pk": 13,
    "fields": {
        "password": "Beautiful reduce suffer style reach.",
        "last_login": "1987-05-28T04:07:46.305",
        "is_superuser": true,
        "username": "longterri",
        "first_name": "Tyler",
        "last_name": "Hudson",
        "email": "jonestina@example.org",
        "is_staff": false,
        "is_active": true,
        "date_joined": "2025-02-04T13:00:46.188",
        "rol": 1,
        "groups": [],
        "user_permissions": []
    }
},
{
    "model": "apaeropuerto.usuario",
    "pk": 14,
    "fields": {
        "password": "Bit while suggest strategy. Item bring wish finally challenge final.",
        "last_login": "1989-03-20T06:01:52.305",
        "is_superuser": false,
        "username": "adaniels",
        "first_name": "Karen",
        "last_name": "Gonzalez",
        "email": "thaney@example.org",
        "is_staff": true,
        "is_active": true,
        "date_joined": "2025-02-04T13:00:46.188",
        "rol": 1,
        "groups": [],
        "user_permissions": []
    }
},
{
    "model": "apaeropuerto.usuario",
    "pk": 15,
    "fields": {
        "password": "Heavy again remember eight daughter election next. Indeed sort office either let seat.",
        "last_login": "1982-11-07T01:39:42.591",
        "is_superuser": false,
        "username": "wharris",
        "first_name": "Scott",
        "last_name": "Booth",
        "email": "mgutierrez@example.com",
        "is_staff": false,
        "is_active": true,
        "date_joined": "2025-02-04T13:00:46.188",
        "rol": 1,
        "groups": [],
        "user_permissions": []
    }
},
{
    "model": "apaeropuerto.usuario",
    "pk": 16,
    "fields": {
        "password": "Man through teacher list audience. Decade face modern TV draw gas head four.",
        "last_login": "2009-01-17T18:20:04.724",
        "is_superuser": false,
        "username": "davidorozco",
        "first_name": "Jeffrey",
        "last_name": "Maddox",
        "email": "philip81@example.org",
        "is_staff": false,
        "is_active": true,
        "date_joined": "2025-02-04T13:00:46.188",
        "rol": 1,
        "groups": [],
        "user_permissions": []
    }
},
{
    "model": "apaeropuerto.usuario",
    "pk": 17,
    "fields": {
        "password": "Decision information buy work score. Close third six business collection after see.\nAlthough technology nation page resource.",
        "last_login": "2007-05-23T04:35:53.394",
        "is_superuser": false,
        "username": "courtney43",
        "first_name": "Mario",
        "last_name": "Silva",
        "email": "tony15@example.net",
        "is_staff": true,
        "is_active": true,
        "date_joined": "2025-02-04T13:00:46.188",
        "rol": 1,
        "groups": [],
        "user_permissions": []
    }
},
{
    "model": "apaeropuerto.usuario",
    "pk": 18,
    "fields": {
        "password": "Firm majority different although will sure. Part pass very rest size positive president. Stock draw you defense our green soon.",
        "last_login": "1970-11-30T07:18:31.353",
        "is_superuser": false,
        "username": "mcclurechristine",
        "first_name": "Jennifer",
        "last_name": "West",
        "email": "christopher57@example.com",
        "is_staff": true,
        "is_active": true,
        "date_joined": "2025-02-04T13:00:46.188",
        "rol": 1,
        "groups": [],
        "user_permissions": []
    }
},
{
    "model": "apaeropuerto.usuario",
    "pk": 19,
    "fields": {
        "password": "Ground cause build. He court market difference speak. Couple material power whatever like.",
        "last_login": "1992-07-13T02:21:14.697",
        "is_superuser": true,
        "username": "holdencynthia",
        "first_name": "Thomas",
        "last_name": "Berry",
        "email": "colemanaudrey@example.net",
        "is_staff": true,
        "is_active": true,
        "date_joined": "2025-02-04T13:00:46.188",
        "rol": 1,
        "groups": [],
        "user_permissions": []
    }
},
{
    "model": "apaeropuerto.usuario",
    "pk": 20,
    "fields": {
        "password": "Bad around commercial green protect subject week party. Program simple all pay. Director prove page end.",
        "last_login": "1974-06-30T12:26:35.450",
        "is_superuser": false,
        "username": "georgelaura",
        "first_name": "Jeffrey",
        "last_name": "Flores",
        "email": "leejay@example.org",
        "is_staff": true,
        "is_active": true,
        "date_joined": "2025-02-04T13:00:46.188",
        "rol": 1,
        "groups": [],
        "user_permissions": []
    }
},
{
    "model": "apaeropuerto.aeropuerto",
    "pk": 1,
    "fields": {
        "nombre": "Guess whole send guy while check. House audience condition bill fish.",
        "ciudades": "ES",
        "pais": "ES",
        "capacidad_maxima": 150
    }
},
{
    "model": "apaeropuerto.aeropuerto",
    "pk": 2,
    "fields": {
        "nombre": "Enjoy community night operation. Power too world than until commercial.",
        "ciudades": "ES",
        "pais": "ES",
        "capacidad_maxima": 150
    }
},
{
    "model": "apaeropuerto.aeropuerto",
    "pk": 3,
    "fields": {
        "nombre": "Ready take room west staff arrive.",
        "ciudades": "ES",
        "pais": "ES",
        "capacidad_maxima": 150
    }
},
{
    "model": "apaeropuerto.aeropuerto",
    "pk": 4,
    "fields": {
        "nombre": "Hard property blood leader generation space.",
        "ciudades": "ES",
        "pais": "ES",
        "capacidad_maxima": 150
    }
},
{
    "model": "apaeropuerto.aeropuerto",
    "pk": 5,
    "fields": {
        "nombre": "Way maintain office window reduce head. Well meeting customer would.\nKitchen foreign current.",
        "ciudades": "ES",
        "pais": "ES",
        "capacidad_maxima": 150
    }
},
{
    "model": "apaeropuerto.aeropuerto",
    "pk": 6,
    "fields": {
        "nombre": "Defense sing loss. Cold bed different poor national.",
        "ciudades": "ES",
        "pais": "ES",
        "capacidad_maxima": 150
    }
},
{
    "model": "apaeropuerto.aeropuerto",
    "pk": 7,
    "fields": {
        "nombre": "Much however government half tough. Opportunity seem outside girl behind star almost.",
        "ciudades": "ES",
        "pais": "ES",
        "capacidad_maxima": 150
    }
},
{
    "model": "apaeropuerto.aeropuerto",
    "pk": 8,
    "fields": {
        "nombre": "Lay anything learn. Receive buy control up.",
        "ciudades": "ES",
        "pais": "ES",
        "capacidad_maxima": 150
    }
},
{
    "model": "apaeropuerto.aeropuerto",
    "pk": 9,
    "fields": {
        "nombre": "Third seven around color know.",
        "ciudades": "ES",
        "pais": "ES",
        "capacidad_maxima": 150
    }
},
{
    "model": "apaeropuerto.aeropuerto",
    "pk": 10,
    "fields": {
        "nombre": "Show wonder better team soon side want lawyer. Ok human evening increase. Buy site design require.",
        "ciudades": "ES",
        "pais": "ES",
        "capacidad_maxima": 150
    }
},
{
    "model": "apaeropuerto.aeropuerto",
    "pk": 11,
    "fields": {
        "nombre": "Mr market power lose who ability watch western. Feeling entire hear result relationship.",
        "ciudades": "ES",
        "pais": "ES",
        "capacidad_maxima": 150
    }
},
{
    "model": "apaeropuerto.aeropuerto",
    "pk": 12,
    "fields": {
        "nombre": "Foreign before bring none system true. Fear suffer response heart Republican money.",
        "ciudades": "ES",
        "pais": "ES",
        "capacidad_maxima": 150
    }
},
{
    "model": "apaeropuerto.aeropuerto",
    "pk": 13,
    "fields": {
        "nombre": "Relate program money college.",
        "ciudades": "ES",
        "pais": "ES",
        "capacidad_maxima": 150
    }
},
{
    "model": "apaeropuerto.aeropuerto",
    "pk": 14,
    "fields": {
        "nombre": "Level argue staff sort. Book money tax agreement mention.",
        "ciudades": "ES",
        "pais": "ES",
        "capacidad_maxima": 150
    }
},
{
    "model": "apaeropuerto.aeropuerto",
    "pk": 15,
    "fields": {
        "nombre": "Fight entire more my right. Threat evening assume word benefit argue government.",
        "ciudades": "ES",
        "pais": "ES",
        "capacidad_maxima": 150
    }
},
{
    "model": "apaeropuerto.aeropuerto",
    "pk": 16,
    "fields": {
        "nombre": "East begin nation. Right million window table while establish anyone Democrat.",
        "ciudades": "ES",
        "pais": "ES",
        "capacidad_maxima": 150
    }
},
{
    "model": "apaeropuerto.aeropuerto",
    "pk": 17,
    "fields": {
        "nombre": "Western will figure. Strategy color eight simple issue line brother.",
        "ciudades": "ES",
        "pais": "ES",
        "capacidad_maxima": 150
    }
},
{
    "model": "apaeropuerto.aeropuerto",
    "pk": 18,
    "fields": {
        "nombre": "Plant give claim matter. With party then federal. Certainly stop however bag role campaign.",
        "ciudades": "ES",
        "pais": "ES",
        "capacidad_maxima": 150
    }
},
{
    "model": "apaeropuerto.aeropuerto",
    "pk": 19,
    "fields": {
        "nombre": "Human laugh cut. Dinner road girl information popular can figure.",
        "ciudades": "ES",
        "pais": "ES",
        "capacidad_maxima": 150
    }
},
{
    "model": "apaeropuerto.aeropuerto",
    "pk": 20,
    "fields": {
        "nombre": "Voice something price minute everyone though. Goal physical exactly upon month military car son.",
        "ciudades": "ES",
        "pais": "ES",
        "capacidad_maxima": 150
    }
},
{
    "model": "apaeropuerto.contactoaeropuerto",
    "pk": 1,
    "fields": {
        "nombre_contacto": "More seat loss age for too help four.",
        "telefono_contacto": "He speech.",
        "email_contacto": "kathrynmoran@example.org",
        "años_trabajados": -22021,
        "aeropuerto": 13
    }
},
{
    "model": "apaeropuerto.contactoaeropuerto",
    "pk": 2,
    "fields": {
        "nombre_contacto": "Himself home ever hard few fast hit. Page right try these.",
        "telefono_contacto": "Soldier late.",
        "email_contacto": "websterkyle@example.com",
        "años_trabajados": -12953,
        "aeropuerto": 18
    }
},
{
    "model": "apaeropuerto.contactoaeropuerto",
    "pk": 3,
    "fields": {
        "nombre_contacto": "West our pattern common it discover. Assume goal street truth add worker until.",
        "telefono_contacto": "Mother art.",
        "email_contacto": "avincent@example.org",
        "años_trabajados": -28531,
        "aeropuerto": 2
    }
},
{
    "model": "apaeropuerto.contactoaeropuerto",
    "pk": 4,
    "fields": {
        "nombre_contacto": "Tree identify dog per level gun.",
        "telefono_contacto": "Television.",
        "email_contacto": "zjuarez@example.net",
        "años_trabajados": 1745,
        "aeropuerto": 8
    }
},
{
    "model": "apaeropuerto.contactoaeropuerto",
    "pk": 5,
    "fields": {
        "nombre_contacto": "Which special paper. Yeah on foreign environmental check. Moment bit election those size gas enter.",
        "telefono_contacto": "Glass director.",
        "email_contacto": "brittney25@example.org",
        "años_trabajados": 22477,
        "aeropuerto": 5
    }
},
{
    "model": "apaeropuerto.contactoaeropuerto",
    "pk": 6,
    "fields": {
        "nombre_contacto": "Design quality low. Capital baby man try when former. Marriage trade decision speech home.",
        "telefono_contacto": "Admit spend.",
        "email_contacto": "mercadobarbara@example.org",
        "años_trabajados": -23250,
        "aeropuerto": 20
    }
},
{
    "model": "apaeropuerto.contactoaeropuerto",
    "pk": 7,
    "fields": {
        "nombre_contacto": "Perhaps human man hospital. Force dream leave prevent better himself. Exactly beat think contain.",
        "telefono_contacto": "Edge can of.",
        "email_contacto": "theresaellis@example.net",
        "años_trabajados": 9141,
        "aeropuerto": 11
    }
},
{
    "model": "apaeropuerto.contactoaeropuerto",
    "pk": 8,
    "fields": {
        "nombre_contacto": "Involve go serve final. Individual lead democratic such adult least change.",
        "telefono_contacto": "American pick.",
        "email_contacto": "michaelkelley@example.net",
        "años_trabajados": -21285,
        "aeropuerto": 16
    }
},
{
    "model": "apaeropuerto.contactoaeropuerto",
    "pk": 9,
    "fields": {
        "nombre_contacto": "Trade short safe. Finish including class someone year know.",
        "telefono_contacto": "Leave husband.",
        "email_contacto": "jason95@example.net",
        "años_trabajados": -29835,
        "aeropuerto": 14
    }
},
{
    "model": "apaeropuerto.contactoaeropuerto",
    "pk": 10,
    "fields": {
        "nombre_contacto": "Lot government television compare she. Crime kid notice run contain trial consumer.",
        "telefono_contacto": "Recent PM.",
        "email_contacto": "perezallison@example.org",
        "años_trabajados": 11648,
        "aeropuerto": 3
    }
},
{
    "model": "apaeropuerto.contactoaeropuerto",
    "pk": 11,
    "fields": {
        "nombre_contacto": "Public hear middle wish almost artist least. Yard natural building our.",
        "telefono_contacto": "Administration.",
        "email_contacto": "david92@example.org",
        "años_trabajados": -12582,
        "aeropuerto": 17
    }
},
{
    "model": "apaeropuerto.contactoaeropuerto",
    "pk": 12,
    "fields": {
        "nombre_contacto": "Down necessary natural toward. Magazine market social popular computer attack.",
        "telefono_contacto": "Herself simply.",
        "email_contacto": "kennethjames@example.com",
        "años_trabajados": -9885,
        "aeropuerto": 4
    }
},
{
    "model": "apaeropuerto.contactoaeropuerto",
    "pk": 13,
    "fields": {
        "nombre_contacto": "Bag beyond lot where. Century hold carry bill movie.",
        "telefono_contacto": "Prepare best.",
        "email_contacto": "nguyenerik@example.net",
        "años_trabajados": -5212,
        "aeropuerto": 15
    }
},
{
    "model": "apaeropuerto.contactoaeropuerto",
    "pk": 14,
    "fields": {
        "nombre_contacto": "Officer process particular baby part fill serve worker.",
        "telefono_contacto": "Impact.",
        "email_contacto": "larry92@example.net",
        "años_trabajados": -31874,
        "aeropuerto": 19
    }
},
{
    "model": "apaeropuerto.contactoaeropuerto",
    "pk": 15,
    "fields": {
        "nombre_contacto": "Collection none Mr form between fill.",
        "telefono_contacto": "Process.",
        "email_contacto": "williamsonmatthew@example.net",
        "años_trabajados": -18761,
        "aeropuerto": 12
    }
},
{
    "model": "apaeropuerto.contactoaeropuerto",
    "pk": 16,
    "fields": {
        "nombre_contacto": "Add stand region according. Hour improve term sea side sell.",
        "telefono_contacto": "Traditional.",
        "email_contacto": "ferrellbarbara@example.com",
        "años_trabajados": 2653,
        "aeropuerto": 10
    }
},
{
    "model": "apaeropuerto.contactoaeropuerto",
    "pk": 17,
    "fields": {
        "nombre_contacto": "Chance budget forward. Power option soldier support population physical second. Why enter amount.",
        "telefono_contacto": "Son form how.",
        "email_contacto": "jgilmore@example.net",
        "años_trabajados": -19702,
        "aeropuerto": 6
    }
},
{
    "model": "apaeropuerto.contactoaeropuerto",
    "pk": 18,
    "fields": {
        "nombre_contacto": "Main true reason as. Within who eight heavy adult artist candidate.",
        "telefono_contacto": "Seven bill.",
        "email_contacto": "parsonsstephanie@example.com",
        "años_trabajados": 6941,
        "aeropuerto": 7
    }
},
{
    "model": "apaeropuerto.contactoaeropuerto",
    "pk": 19,
    "fields": {
        "nombre_contacto": "Its heavy yet keep. Bill response deal similar country especially.",
        "telefono_contacto": "Magazine.",
        "email_contacto": "everettchristina@example.org",
        "años_trabajados": 8479,
        "aeropuerto": 9
    }
},
{
    "model": "apaeropuerto.contactoaeropuerto",
    "pk": 20,
    "fields": {
        "nombre_contacto": "Accept official assume pretty require energy. Never shake western require debate best.",
        "telefono_contacto": "Better.",
        "email_contacto": "qramirez@example.com",
        "años_trabajados": -12152,
        "aeropuerto": 1
    }
},
{
    "model": "apaeropuerto.aerolinea",
    "pk": 1,
    "fields": {
        "nombre": "Good page oil sense.\nCommunity do these around off traditional.",
        "codigo": "Pay power.",
        "fecha_fundacion": "2003-07-28",
        "pais": "ES",
        "aeropuerto": [
            7,
            14
        ]
    }
},
{
    "model": "apaeropuerto.aerolinea",
    "pk": 2,
    "fields": {
        "nombre": "Government near find help at thank. Everything foot special people color box south.",
        "codigo": "Month.",
        "fecha_fundacion": "1992-11-29",
        "pais": "ES",
        "aeropuerto": [
            5,
            10,
            20
        ]
    }
},
{
    "model": "apaeropuerto.aerolinea",
    "pk": 3,
    "fields": {
        "nombre": "Still standard special whole economic. Kitchen place activity but.",
        "codigo": "Myself.",
        "fecha_fundacion": "1997-11-14",
        "pais": "ES",
        "aeropuerto": [
            10
        ]
    }
},
{
    "model": "apaeropuerto.aerolinea",
    "pk": 4,
    "fields": {
        "nombre": "Positive rule author make. Financial red sell wonder discuss society.",
        "codigo": "Home.",
        "fecha_fundacion": "1995-02-25",
        "pais": "ES",
        "aeropuerto": [
            11
        ]
    }
},
{
    "model": "apaeropuerto.aerolinea",
    "pk": 5,
    "fields": {
        "nombre": "Moment check southern these blood in result. Scene out argue sit.",
        "codigo": "Buy.",
        "fecha_fundacion": "2000-04-13",
        "pais": "ES",
        "aeropuerto": [
            2,
            3,
            16,
            19
        ]
    }
},
{
    "model": "apaeropuerto.aerolinea",
    "pk": 6,
    "fields": {
        "nombre": "Week smile their skin stay. Away even couple wear.",
        "codigo": "Every.",
        "fecha_fundacion": "2022-08-26",
        "pais": "ES",
        "aeropuerto": [
            4,
            9,
            11,
            20
        ]
    }
},
{
    "model": "apaeropuerto.aerolinea",
    "pk": 7,
    "fields": {
        "nombre": "Population particularly suggest risk hard.",
        "codigo": "Cost hope.",
        "fecha_fundacion": "2022-06-04",
        "pais": "ES",
        "aeropuerto": [
            6
        ]
    }
},
{
    "model": "apaeropuerto.aerolinea",
    "pk": 8,
    "fields": {
        "nombre": "Forget red sometimes fall remain central drive.",
        "codigo": "List Mr.",
        "fecha_fundacion": "2015-12-07",
        "pais": "ES",
        "aeropuerto": [
            5,
            12,
            14,
            20
        ]
    }
},
{
    "model": "apaeropuerto.aerolinea",
    "pk": 9,
    "fields": {
        "nombre": "Study force culture kitchen why. Item loss bar trip.",
        "codigo": "Mention.",
        "fecha_fundacion": "2006-10-21",
        "pais": "ES",
        "aeropuerto": [
            18
        ]
    }
},
{
    "model": "apaeropuerto.aerolinea",
    "pk": 10,
    "fields": {
        "nombre": "Military think area effect. Care song range high baby. Partner blood recognize expert.",
        "codigo": "Standard.",
        "fecha_fundacion": "2004-12-03",
        "pais": "ES",
        "aeropuerto": [
            3,
            4
        ]
    }
},
{
    "model": "apaeropuerto.aerolinea",
    "pk": 11,
    "fields": {
        "nombre": "Range nearly wind might. Enough box water. Natural rather fine its from sister politics exactly.",
        "codigo": "Ten step.",
        "fecha_fundacion": "1980-12-26",
        "pais": "ES",
        "aeropuerto": [
            14,
            18,
            19
        ]
    }
},
{
    "model": "apaeropuerto.aerolinea",
    "pk": 12,
    "fields": {
        "nombre": "Another wrong he deal force. Meet rather level peace.",
        "codigo": "Find PM.",
        "fecha_fundacion": "1977-03-04",
        "pais": "ES",
        "aeropuerto": [
            9,
            10,
            20
        ]
    }
},
{
    "model": "apaeropuerto.aerolinea",
    "pk": 13,
    "fields": {
        "nombre": "Wrong crime yes deep. Interesting beautiful line admit relate doctor.",
        "codigo": "Author.",
        "fecha_fundacion": "1991-04-28",
        "pais": "ES",
        "aeropuerto": [
            6
        ]
    }
},
{
    "model": "apaeropuerto.aerolinea",
    "pk": 14,
    "fields": {
        "nombre": "Decision third big. Cause policy road do series man.",
        "codigo": "Professor.",
        "fecha_fundacion": "2013-07-12",
        "pais": "ES",
        "aeropuerto": [
            2,
            14,
            17
        ]
    }
},
{
    "model": "apaeropuerto.aerolinea",
    "pk": 15,
    "fields": {
        "nombre": "Part something say full painting. After investment get full free sure discover push.",
        "codigo": "Hope.",
        "fecha_fundacion": "1980-12-06",
        "pais": "ES",
        "aeropuerto": [
            1,
            2,
            14,
            17
        ]
    }
},
{
    "model": "apaeropuerto.aerolinea",
    "pk": 16,
    "fields": {
        "nombre": "Bring whom both remain where. Arm author range.",
        "codigo": "Dinner.",
        "fecha_fundacion": "1998-06-26",
        "pais": "ES",
        "aeropuerto": [
            3,
            7,
            14,
            17
        ]
    }
},
{
    "model": "apaeropuerto.aerolinea",
    "pk": 17,
    "fields": {
        "nombre": "Enough give its nothing.\nShow mean scene standard final now.",
        "codigo": "Spring.",
        "fecha_fundacion": "2005-02-19",
        "pais": "ES",
        "aeropuerto": [
            2,
            15
        ]
    }
},
{
    "model": "apaeropuerto.aerolinea",
    "pk": 18,
    "fields": {
        "nombre": "Officer prove energy inside stage. Federal line majority lot clearly behavior away soon.",
        "codigo": "Small.",
        "fecha_fundacion": "1977-09-12",
        "pais": "ES",
        "aeropuerto": [
            2,
            8
        ]
    }
},
{
    "model": "apaeropuerto.aerolinea",
    "pk": 19,
    "fields": {
        "nombre": "Method avoid its artist sell ground where. Significant treatment type feel. Student book product.",
        "codigo": "Reduce.",
        "fecha_fundacion": "2008-07-15",
        "pais": "ES",
        "aeropuerto": [
            3
        ]
    }
},
{
    "model": "apaeropuerto.aerolinea",
    "pk": 20,
    "fields": {
        "nombre": "Range daughter program fine seem. Hope away bed born.",
        "codigo": "Science.",
        "fecha_fundacion": "2003-03-05",
        "pais": "ES",
        "aeropuerto": [
            8
        ]
    }
},
{
    "model": "apaeropuerto.vuelo",
    "pk": 1,
    "fields": {
        "hora_salida": "1992-03-01T10:56:13.382",
        "hora_llegada": "2010-10-22T07:28:32.022",
        "estado": true,
        "duracion": "6808 20:32:18.640303",
        "origen": 1,
        "destino": 20
    }
},
{
    "model": "apaeropuerto.vuelo",
    "pk": 2,
    "fields": {
        "hora_salida": "1988-11-20T15:13:24.873",
        "hora_llegada": "1985-03-28T05:44:56.315",
        "estado": true,
        "duracion": "-1334 14:31:31.442441",
        "origen": 3,
        "destino": 13
    }
},
{
    "model": "apaeropuerto.vuelo",
    "pk": 3,
    "fields": {
        "hora_salida": "2011-03-17T23:26:36.105",
        "hora_llegada": "2018-12-30T02:06:47.086",
        "estado": true,
        "duracion": "2844 02:40:10.980739",
        "origen": 20,
        "destino": 7
    }
},
{
    "model": "apaeropuerto.vuelo",
    "pk": 4,
    "fields": {
        "hora_salida": "2013-04-11T04:46:08.043",
        "hora_llegada": "2005-10-24T15:54:25.163",
        "estado": false,
        "duracion": "-2726 11:08:17.119924",
        "origen": 10,
        "destino": 3
    }
},
{
    "model": "apaeropuerto.vuelo",
    "pk": 5,
    "fields": {
        "hora_salida": "1997-06-30T03:15:32.984",
        "hora_llegada": "1971-02-15T17:17:06.548",
        "estado": false,
        "duracion": "-9632 14:01:33.564450",
        "origen": 6,
        "destino": 13
    }
},
{
    "model": "apaeropuerto.vuelo",
    "pk": 6,
    "fields": {
        "hora_salida": "1975-06-01T14:20:51.513",
        "hora_llegada": "2012-01-29T19:10:18.982",
        "estado": false,
        "duracion": "13391 04:49:27.469018",
        "origen": 14,
        "destino": 1
    }
},
{
    "model": "apaeropuerto.vuelo",
    "pk": 7,
    "fields": {
        "hora_salida": "2008-03-08T09:04:16.406",
        "hora_llegada": "2024-06-05T08:43:08.205",
        "estado": false,
        "duracion": "5932 23:38:51.799121",
        "origen": 1,
        "destino": 7
    }
},
{
    "model": "apaeropuerto.vuelo",
    "pk": 8,
    "fields": {
        "hora_salida": "1977-01-17T15:14:30.482",
        "hora_llegada": "2023-02-06T03:21:57.825",
        "estado": false,
        "duracion": "16820 12:07:27.343481",
        "origen": 20,
        "destino": 3
    }
},
{
    "model": "apaeropuerto.vuelo",
    "pk": 9,
    "fields": {
        "hora_salida": "1975-02-25T04:23:59.247",
        "hora_llegada": "1979-12-16T03:15:56.102",
        "estado": true,
        "duracion": "1754 22:51:56.855582",
        "origen": 4,
        "destino": 4
    }
},
{
    "model": "apaeropuerto.vuelo",
    "pk": 10,
    "fields": {
        "hora_salida": "2006-02-13T09:22:00.181",
        "hora_llegada": "2005-09-13T03:00:05.918",
        "estado": false,
        "duracion": "-154 17:38:05.737446",
        "origen": 19,
        "destino": 2
    }
},
{
    "model": "apaeropuerto.vuelo",
    "pk": 11,
    "fields": {
        "hora_salida": "2022-07-09T09:07:08.125",
        "hora_llegada": "1979-10-28T01:32:39.229",
        "estado": false,
        "duracion": "-15596 16:25:31.104245",
        "origen": 2,
        "destino": 15
    }
},
{
    "model": "apaeropuerto.vuelo",
    "pk": 12,
    "fields": {
        "hora_salida": "2019-11-28T20:38:29.230",
        "hora_llegada": "2007-08-23T17:07:18.008",
        "estado": true,
        "duracion": "-4481 20:28:48.778301",
        "origen": 6,
        "destino": 10
    }
},
{
    "model": "apaeropuerto.vuelo",
    "pk": 13,
    "fields": {
        "hora_salida": "2003-11-23T21:48:17.134",
        "hora_llegada": "2006-07-18T08:52:02.018",
        "estado": true,
        "duracion": "967 11:03:44.883428",
        "origen": 4,
        "destino": 6
    }
},
{
    "model": "apaeropuerto.vuelo",
    "pk": 14,
    "fields": {
        "hora_salida": "2022-01-21T10:40:19.931",
        "hora_llegada": "2010-07-14T05:30:29.672",
        "estado": false,
        "duracion": "-4210 18:50:09.741440",
        "origen": 10,
        "destino": 18
    }
},
{
    "model": "apaeropuerto.vuelo",
    "pk": 15,
    "fields": {
        "hora_salida": "2011-12-29T15:02:27.938",
        "hora_llegada": "2012-03-30T21:27:38.820",
        "estado": true,
        "duracion": "92 06:25:10.882028",
        "origen": 19,
        "destino": 13
    }
},
{
    "model": "apaeropuerto.vuelo",
    "pk": 16,
    "fields": {
        "hora_salida": "2006-07-03T00:13:44.908",
        "hora_llegada": "2022-09-03T02:44:05.025",
        "estado": true,
        "duracion": "5906 02:30:20.116085",
        "origen": 10,
        "destino": 13
    }
},
{
    "model": "apaeropuerto.vuelo",
    "pk": 17,
    "fields": {
        "hora_salida": "1995-07-14T00:32:20.546",
        "hora_llegada": "2010-12-30T04:23:39.609",
        "estado": true,
        "duracion": "5648 03:51:19.063130",
        "origen": 11,
        "destino": 19
    }
},
{
    "model": "apaeropuerto.vuelo",
    "pk": 18,
    "fields": {
        "hora_salida": "1973-07-16T03:02:37.057",
        "hora_llegada": "2002-11-20T12:10:13.623",
        "estado": false,
        "duracion": "10719 09:07:36.565226",
        "origen": 20,
        "destino": 2
    }
},
{
    "model": "apaeropuerto.vuelo",
    "pk": 19,
    "fields": {
        "hora_salida": "1983-01-20T09:15:07.954",
        "hora_llegada": "1985-05-23T16:06:36.499",
        "estado": false,
        "duracion": "854 06:51:28.544503",
        "origen": 3,
        "destino": 11
    }
},
{
    "model": "apaeropuerto.vuelo",
    "pk": 20,
    "fields": {
        "hora_salida": "2004-08-10T07:50:42.964",
        "hora_llegada": "2017-08-23T20:05:56.952",
        "estado": true,
        "duracion": "4761 12:15:13.987485",
        "origen": 8,
        "destino": 15
    }
},
{
    "model": "apaeropuerto.estadisticasvuelo",
    "pk": 1,
    "fields": {
        "fecha_estadisticas": "1979-07-29",
        "numero_asientos_vendidos": -31317,
        "numero_cancelaciones": 7413,
        "feedback_pasajeros": "Base bring before rock reach. Will message hundred then. See risk simply resource think run.\nParticipant structure part against no allow. Fine start keep. Prevent Democrat machine animal peace many.",
        "vuelo": 19
    }
},
{
    "model": "apaeropuerto.estadisticasvuelo",
    "pk": 2,
    "fields": {
        "fecha_estadisticas": "1972-11-01",
        "numero_asientos_vendidos": 13201,
        "numero_cancelaciones": 19597,
        "feedback_pasajeros": "Those moment into course check benefit establish. Class experience admit outside rise nature within someone. Fact city Mr employee scientist rich.",
        "vuelo": 2
    }
},
{
    "model": "apaeropuerto.estadisticasvuelo",
    "pk": 3,
    "fields": {
        "fecha_estadisticas": "1993-10-21",
        "numero_asientos_vendidos": 10496,
        "numero_cancelaciones": 32661,
        "feedback_pasajeros": "Out director one expect structure manager. Less over enough may old social. Spend improve heart skin conference piece.\nWill member inside chance picture west. Trip tonight performance.",
        "vuelo": 11
    }
},
{
    "model": "apaeropuerto.estadisticasvuelo",
    "pk": 4,
    "fields": {
        "fecha_estadisticas": "2012-06-24",
        "numero_asientos_vendidos": -21048,
        "numero_cancelaciones": 11856,
        "feedback_pasajeros": "Oil whatever enjoy pressure career. Agent have wall box agree huge picture third.",
        "vuelo": 10
    }
},
{
    "model": "apaeropuerto.estadisticasvuelo",
    "pk": 5,
    "fields": {
        "fecha_estadisticas": "1982-02-13",
        "numero_asientos_vendidos": -15641,
        "numero_cancelaciones": -7687,
        "feedback_pasajeros": "Fine lead general every. Program let increase forward.\nPower it prevent worker. Civil marriage whether camera between reduce. Chance course father wind suggest simple.",
        "vuelo": 14
    }
},
{
    "model": "apaeropuerto.estadisticasvuelo",
    "pk": 6,
    "fields": {
        "fecha_estadisticas": "1988-09-06",
        "numero_asientos_vendidos": 7576,
        "numero_cancelaciones": 14716,
        "feedback_pasajeros": "Reveal task city worker. On break both account.\nBack summer thousand indicate small. Manage least enter material than.\nCourse add foot recognize just name. Purpose firm medical sense rock weight.",
        "vuelo": 3
    }
},
{
    "model": "apaeropuerto.estadisticasvuelo",
    "pk": 7,
    "fields": {
        "fecha_estadisticas": "1981-07-03",
        "numero_asientos_vendidos": 5135,
        "numero_cancelaciones": -7264,
        "feedback_pasajeros": "Full discussion wife part tonight dark range. Message item direction mouth summer program. Hear federal head herself standard.",
        "vuelo": 1
    }
},
{
    "model": "apaeropuerto.estadisticasvuelo",
    "pk": 8,
    "fields": {
        "fecha_estadisticas": "1979-12-10",
        "numero_asientos_vendidos": 31381,
        "numero_cancelaciones": -28041,
        "feedback_pasajeros": "Answer drop forward they. Field gas student. Hit move carry laugh nation.\nMan try bring herself same.\nField miss miss man. Activity sell moment glass way.\nCertain probably those.",
        "vuelo": 7
    }
},
{
    "model": "apaeropuerto.estadisticasvuelo",
    "pk": 9,
    "fields": {
        "fecha_estadisticas": "1994-01-21",
        "numero_asientos_vendidos": 19719,
        "numero_cancelaciones": -29502,
        "feedback_pasajeros": "Mission remember result product. Skin player phone yeah water near property. Tax leader must think.\nMother laugh then left. Ground animal agreement.",
        "vuelo": 4
    }
},
{
    "model": "apaeropuerto.estadisticasvuelo",
    "pk": 10,
    "fields": {
        "fecha_estadisticas": "1984-10-21",
        "numero_asientos_vendidos": 26670,
        "numero_cancelaciones": -15177,
        "feedback_pasajeros": "Perform car pass north public thank seek. Time write Congress role develop possible picture either. Each enter oil certain television.",
        "vuelo": 13
    }
},
{
    "model": "apaeropuerto.estadisticasvuelo",
    "pk": 11,
    "fields": {
        "fecha_estadisticas": "2002-05-31",
        "numero_asientos_vendidos": 31329,
        "numero_cancelaciones": -26447,
        "feedback_pasajeros": "A head party floor series phone rise picture. Eye environment foot card share operation.",
        "vuelo": 8
    }
},
{
    "model": "apaeropuerto.estadisticasvuelo",
    "pk": 12,
    "fields": {
        "fecha_estadisticas": "1991-07-25",
        "numero_asientos_vendidos": -18550,
        "numero_cancelaciones": 2804,
        "feedback_pasajeros": "Evidence pattern range would. Shoulder single look itself evening recent season. Another bit single between address.",
        "vuelo": 17
    }
},
{
    "model": "apaeropuerto.estadisticasvuelo",
    "pk": 13,
    "fields": {
        "fecha_estadisticas": "1989-12-07",
        "numero_asientos_vendidos": -18033,
        "numero_cancelaciones": -7544,
        "feedback_pasajeros": "Energy us quality pattern effort event culture receive. Close director herself attack long position. True physical serious event food decision.",
        "vuelo": 18
    }
},
{
    "model": "apaeropuerto.estadisticasvuelo",
    "pk": 14,
    "fields": {
        "fecha_estadisticas": "1982-04-25",
        "numero_asientos_vendidos": -17273,
        "numero_cancelaciones": 20876,
        "feedback_pasajeros": "Mean interesting I art difficult central better. House whom without still cause today analysis. Information always certain born so ever range. More each physical career finally receive energy.",
        "vuelo": 15
    }
},
{
    "model": "apaeropuerto.estadisticasvuelo",
    "pk": 15,
    "fields": {
        "fecha_estadisticas": "2018-07-15",
        "numero_asientos_vendidos": 6119,
        "numero_cancelaciones": -28104,
        "feedback_pasajeros": "Analysis gun field especially. Respond modern political college. Lead partner indeed. Defense action tough sister history minute similar.",
        "vuelo": 5
    }
},
{
    "model": "apaeropuerto.estadisticasvuelo",
    "pk": 16,
    "fields": {
        "fecha_estadisticas": "1974-03-27",
        "numero_asientos_vendidos": 341,
        "numero_cancelaciones": 30475,
        "feedback_pasajeros": "Movie rock myself whose health sure. Former candidate example car how.\nName you well movie media relate team but. Develop race left explain.\nLot white should middle significant just draw.",
        "vuelo": 9
    }
},
{
    "model": "apaeropuerto.estadisticasvuelo",
    "pk": 17,
    "fields": {
        "fecha_estadisticas": "2018-03-21",
        "numero_asientos_vendidos": -23395,
        "numero_cancelaciones": -8638,
        "feedback_pasajeros": "Forward condition likely often. Even newspaper change when whole.\nMoment hard tell. Congress attention level one. Run huge middle point.",
        "vuelo": 6
    }
},
{
    "model": "apaeropuerto.estadisticasvuelo",
    "pk": 18,
    "fields": {
        "fecha_estadisticas": "2000-08-13",
        "numero_asientos_vendidos": 2878,
        "numero_cancelaciones": -7856,
        "feedback_pasajeros": "Present third street always sense trouble. Begin during democratic long production must least. Last explain bill myself whose.\nEstablish save author second cause recent. Idea about tough.",
        "vuelo": 16
    }
},
{
    "model": "apaeropuerto.estadisticasvuelo",
    "pk": 19,
    "fields": {
        "fecha_estadisticas": "2015-09-03",
        "numero_asientos_vendidos": 30174,
        "numero_cancelaciones": 13972,
        "feedback_pasajeros": "Throw design find structure weight. Think draw now financial.\nMajor support few make themselves television require. Huge concern ball method difficult.",
        "vuelo": 20
    }
},
{
    "model": "apaeropuerto.estadisticasvuelo",
    "pk": 20,
    "fields": {
        "fecha_estadisticas": "1974-11-22",
        "numero_asientos_vendidos": -17745,
        "numero_cancelaciones": -11256,
        "feedback_pasajeros": "Official school at could. Assume away whole capital late process appear.\nSerious little how involve will.",
        "vuelo": 12
    }
},
{
    "model": "apaeropuerto.pasajero",
    "pk": 1,
    "fields": {
        "usuario": 12,
        "direccion": "Civil coach reach cost anyone agent. Many against glass event fact theory feel.",
        "dni": "Guy hot.",
        "vuelo": [
            2,
            16,
            18,
            20
        ]
    }
},
{
    "model": "apaeropuerto.pasajero",
    "pk": 2,
    "fields": {
        "usuario": 7,
        "direccion": "Forget fall hour. Off believe play bank child.",
        "dni": "Between.",
        "vuelo": [
            1,
            2,
            12,
            18
        ]
    }
},
{
    "model": "apaeropuerto.pasajero",
    "pk": 3,
    "fields": {
        "usuario": 1,
        "direccion": "Choice somebody either face war. Carry option thus.",
        "dni": "Pressure.",
        "vuelo": [
            1,
            13,
            16,
            18
        ]
    }
},
{
    "model": "apaeropuerto.pasajero",
    "pk": 4,
    "fields": {
        "usuario": 6,
        "direccion": "Everything many billion perhaps. Occur south hair up try.",
        "dni": "Guy.",
        "vuelo": [
            11,
            12,
            14
        ]
    }
},
{
    "model": "apaeropuerto.pasajero",
    "pk": 5,
    "fields": {
        "usuario": 19,
        "direccion": "Argue direction later ready coach may. Clear door player enter several.",
        "dni": "Form.",
        "vuelo": [
            7,
            8,
            19
        ]
    }
},
{
    "model": "apaeropuerto.pasajero",
    "pk": 6,
    "fields": {
        "usuario": 17,
        "direccion": "Meet staff decide national decide act billion. Purpose career authority trade.",
        "dni": "Trip.",
        "vuelo": [
            11
        ]
    }
},
{
    "model": "apaeropuerto.pasajero",
    "pk": 7,
    "fields": {
        "usuario": 13,
        "direccion": "Again one from truth play. Firm under main exactly region want.",
        "dni": "Assume.",
        "vuelo": [
            20
        ]
    }
},
{
    "model": "apaeropuerto.pasajero",
    "pk": 8,
    "fields": {
        "usuario": 9,
        "direccion": "Congress on machine and. Final than throw eye couple open yeah.",
        "dni": "Every.",
        "vuelo": [
            13,
            17
        ]
    }
},
{
    "model": "apaeropuerto.pasajero",
    "pk": 9,
    "fields": {
        "usuario": 3,
        "direccion": "Marriage weight while too. Memory walk serious account admit if stuff.",
        "dni": "Ground.",
        "vuelo": [
            8,
            9,
            10,
            14,
            17
        ]
    }
},
{
    "model": "apaeropuerto.pasajero",
    "pk": 10,
    "fields": {
        "usuario": 4,
        "direccion": "Recently often deep we left. Charge myself management after program listen.",
        "dni": "Wind.",
        "vuelo": [
            13,
            19
        ]
    }
},
{
    "model": "apaeropuerto.pasajero",
    "pk": 11,
    "fields": {
        "usuario": 10,
        "direccion": "As eat receive expert walk. Very want many.",
        "dni": "Law upon.",
        "vuelo": [
            6,
            14,
            15,
            18,
            19
        ]
    }
},
{
    "model": "apaeropuerto.pasajero",
    "pk": 12,
    "fields": {
        "usuario": 11,
        "direccion": "Top reality center look customer series represent.",
        "dni": "Wall.",
        "vuelo": [
            8,
            16
        ]
    }
},
{
    "model": "apaeropuerto.pasajero",
    "pk": 13,
    "fields": {
        "usuario": 16,
        "direccion": "Everyone dream put return head community about.",
        "dni": "State.",
        "vuelo": [
            13,
            15
        ]
    }
},
{
    "model": "apaeropuerto.pasajero",
    "pk": 14,
    "fields": {
        "usuario": 2,
        "direccion": "Evidence theory pressure somebody check whole. Special statement physical light yet against big.",
        "dni": "Eat.",
        "vuelo": [
            1,
            2,
            11,
            16
        ]
    }
},
{
    "model": "apaeropuerto.pasajero",
    "pk": 15,
    "fields": {
        "usuario": 14,
        "direccion": "Five with everyone government. City week name difference.",
        "dni": "None.",
        "vuelo": [
            3,
            12,
            19
        ]
    }
},
{
    "model": "apaeropuerto.pasajero",
    "pk": 16,
    "fields": {
        "usuario": 5,
        "direccion": "Both improve against now entire.",
        "dni": "Better.",
        "vuelo": [
            4,
            8,
            10,
            11,
            19
        ]
    }
},
{
    "model": "apaeropuerto.pasajero",
    "pk": 17,
    "fields": {
        "usuario": 8,
        "direccion": "Human law line father least step. Weight strong animal finish can employee professor.",
        "dni": "Idea.",
        "vuelo": [
            12,
            14,
            20
        ]
    }
},
{
    "model": "apaeropuerto.pasajero",
    "pk": 18,
    "fields": {
        "usuario": 15,
        "direccion": "Throw middle girl poor southern. Player until debate expert.",
        "dni": "Attack.",
        "vuelo": [
            15,
            19
        ]
    }
},
{
    "model": "apaeropuerto.pasajero",
    "pk": 19,
    "fields": {
        "usuario": 18,
        "direccion": "That several source notice officer among doctor. Play them reason ago maintain.",
        "dni": "Get.",
        "vuelo": [
            5,
            16
        ]
    }
},
{
    "model": "apaeropuerto.pasajero",
    "pk": 20,
    "fields": {
        "usuario": 20,
        "direccion": "Thought future same possible ever statement act.",
        "dni": "Region.",
        "vuelo": [
            4,
            5,
            8,
            9
        ]
    }
},
{
    "model": "apaeropuerto.gerente",
    "pk": 1,
    "fields": {
        "usuario": 18
    }
},
{
    "model": "apaeropuerto.gerente",
    "pk": 2,
    "fields": {
        "usuario": 10
    }
},
{
    "model": "apaeropuerto.gerente",
    "pk": 3,
    "fields": {
        "usuario": 20
    }
},
{
    "model": "apaeropuerto.gerente",
    "pk": 4,
    "fields": {
        "usuario": 3
    }
},
{
    "model": "apaeropuerto.gerente",
    "pk": 5,
    "fields": {
        "usuario": 13
    }
},
{
    "model": "apaeropuerto.gerente",
    "pk": 6,
    "fields": {
        "usuario": 11
    }
},
{
    "model": "apaeropuerto.gerente",
    "pk": 7,
    "fields": {
        "usuario": 4
    }
},
{
    "model": "apaeropuerto.gerente",
    "pk": 8,
    "fields": {
        "usuario": 14
    }
},
{
    "model": "apaeropuerto.gerente",
    "pk": 9,
    "fields": {
        "usuario": 8
    }
},
{
    "model": "apaeropuerto.gerente",
    "pk": 10,
    "fields": {
        "usuario": 17
    }
},
{
    "model": "apaeropuerto.gerente",
    "pk": 11,
    "fields": {
        "usuario": 12
    }
},
{
    "model": "apaeropuerto.gerente",
    "pk": 12,
    "fields": {
        "usuario": 2
    }
},
{
    "model": "apaeropuerto.gerente",
    "pk": 13,
    "fields": {
        "usuario": 16
    }
},
{
    "model": "apaeropuerto.gerente",
    "pk": 14,
    "fields": {
        "usuario": 5
    }
},
{
    "model": "apaeropuerto.gerente",
    "pk": 15,
    "fields": {
        "usuario": 7
    }
},
{
    "model": "apaeropuerto.gerente",
    "pk": 16,
    "fields": {
        "usuario": 15
    }
},
{
    "model": "apaeropuerto.gerente",
    "pk": 17,
    "fields": {
        "usuario": 9
    }
},
{
    "model": "apaeropuerto.gerente",
    "pk": 18,
    "fields": {
        "usuario": 6
    }
},
{
    "model": "apaeropuerto.gerente",
    "pk": 19,
    "fields": {
        "usuario": 19
    }
},
{
    "model": "apaeropuerto.gerente",
    "pk": 20,
    "fields": {
        "usuario": 1
    }
},
{
    "model": "apaeropuerto.equipaje",
    "pk": 1,
    "fields": {
        "peso": 0.8897897684555065,
        "dimensiones": "Energy talk most young land close.",
        "tipo_material": "Early until evidence.",
        "color": "Majority claim Mr.",
        "pasajero": 1
    }
},
{
    "model": "apaeropuerto.equipaje",
    "pk": 2,
    "fields": {
        "peso": 0.6768502066443094,
        "dimensiones": "Brother service simple see artist.",
        "tipo_material": "Scene discover develop rise.",
        "color": "Sort writer always stage gas old.",
        "pasajero": 10
    }
},
{
    "model": "apaeropuerto.equipaje",
    "pk": 3,
    "fields": {
        "peso": 0.8157740504096715,
        "dimensiones": "Wonder add character late hold.",
        "tipo_material": "Tell group cup.",
        "color": "Sell red instead day body discussion.",
        "pasajero": 13
    }
},
{
    "model": "apaeropuerto.equipaje",
    "pk": 4,
    "fields": {
        "peso": 0.44866839460888697,
        "dimensiones": "Art score through. Worry value car health.",
        "tipo_material": "Middle heart first.",
        "color": "Source live five hour key business.",
        "pasajero": 6
    }
},
{
    "model": "apaeropuerto.equipaje",
    "pk": 5,
    "fields": {
        "peso": 0.4895744345666462,
        "dimensiones": "Kitchen ball reality at place.",
        "tipo_material": "Prepare doctor guess.",
        "color": "Least because size stage dream raise poor.",
        "pasajero": 18
    }
},
{
    "model": "apaeropuerto.equipaje",
    "pk": 6,
    "fields": {
        "peso": 0.6038779951469353,
        "dimensiones": "Catch after recently beat every difficult stage.",
        "tipo_material": "Size kind hear lawyer.",
        "color": "Maintain some police avoid. Actually order song.",
        "pasajero": 16
    }
},
{
    "model": "apaeropuerto.equipaje",
    "pk": 7,
    "fields": {
        "peso": 0.3772663299680574,
        "dimensiones": "Face already hundred federal friend front never.",
        "tipo_material": "Bank contain value hour.",
        "color": "Expect bag program nice bring think total.",
        "pasajero": 12
    }
},
{
    "model": "apaeropuerto.equipaje",
    "pk": 8,
    "fields": {
        "peso": 0.4864943052258788,
        "dimensiones": "Free city simply do.",
        "tipo_material": "Man else back network.",
        "color": "Artist indeed because.",
        "pasajero": 13
    }
},
{
    "model": "apaeropuerto.equipaje",
    "pk": 9,
    "fields": {
        "peso": 0.8033936297097648,
        "dimensiones": "Organization realize certainly so.",
        "tipo_material": "Tree most show.",
        "color": "Must image language anyone must not.",
        "pasajero": 13
    }
},
{
    "model": "apaeropuerto.equipaje",
    "pk": 10,
    "fields": {
        "peso": 0.17682454238362266,
        "dimensiones": "Lot sure bit.",
        "tipo_material": "Must statement relate.",
        "color": "Hotel determine memory off four number.",
        "pasajero": 11
    }
},
{
    "model": "apaeropuerto.equipaje",
    "pk": 11,
    "fields": {
        "peso": 0.3742947482746065,
        "dimensiones": "Appear performance statement ago for necessary.",
        "tipo_material": "Last drop true news.",
        "color": "World for walk grow. Safe always should list.",
        "pasajero": 17
    }
},
{
    "model": "apaeropuerto.equipaje",
    "pk": 12,
    "fields": {
        "peso": 0.10972611485269668,
        "dimensiones": "Ask more student anything court same cold often.",
        "tipo_material": "Stand group way scene.",
        "color": "Almost would argue happy.",
        "pasajero": 9
    }
},
{
    "model": "apaeropuerto.equipaje",
    "pk": 13,
    "fields": {
        "peso": 0.09624226587384455,
        "dimensiones": "Control notice evidence change high city year.",
        "tipo_material": "Term which parent give.",
        "color": "American difference author check. Power boy soon.",
        "pasajero": 16
    }
},
{
    "model": "apaeropuerto.equipaje",
    "pk": 14,
    "fields": {
        "peso": 0.8660509807779537,
        "dimensiones": "Threat great forward leg role. Mouth him appear.",
        "tipo_material": "Real college girl book.",
        "color": "Like and story even. To executive work single.",
        "pasajero": 4
    }
},
{
    "model": "apaeropuerto.equipaje",
    "pk": 15,
    "fields": {
        "peso": 0.26215070242257643,
        "dimensiones": "Poor seem I scientist south while cup.",
        "tipo_material": "Local wait where might.",
        "color": "Half air suddenly bad. View president receive.",
        "pasajero": 13
    }
},
{
    "model": "apaeropuerto.equipaje",
    "pk": 16,
    "fields": {
        "peso": 0.846642554579999,
        "dimensiones": "Meeting church between time my score then no.",
        "tipo_material": "Site condition message open.",
        "color": "Strategy between light room medical writer.",
        "pasajero": 18
    }
},
{
    "model": "apaeropuerto.equipaje",
    "pk": 17,
    "fields": {
        "peso": 0.9691856315757416,
        "dimensiones": "Firm say way agency politics. Win adult year.",
        "tipo_material": "Benefit fear billion.",
        "color": "Seat establish there.",
        "pasajero": 5
    }
},
{
    "model": "apaeropuerto.equipaje",
    "pk": 18,
    "fields": {
        "peso": 0.4468612787959896,
        "dimensiones": "Answer still order guy. Name nearly decide.",
        "tipo_material": "Gas miss mean policy.",
        "color": "Crime so big sport.",
        "pasajero": 5
    }
},
{
    "model": "apaeropuerto.equipaje",
    "pk": 19,
    "fields": {
        "peso": 0.1510441416676097,
        "dimensiones": "Safe century shake organization front action.",
        "tipo_material": "Involve so of but type.",
        "color": "Long dream culture your man middle.",
        "pasajero": 2
    }
},
{
    "model": "apaeropuerto.equipaje",
    "pk": 20,
    "fields": {
        "peso": 0.9780558853880488,
        "dimensiones": "Program hour million art.",
        "tipo_material": "Military seem health.",
        "color": "Music window lead oil five.",
        "pasajero": 1
    }
},
{
    "model": "apaeropuerto.vueloaerolinea",
    "pk": 1,
    "fields": {
        "fecha_operacion": null,
        "estado": "",
        "clase": "E",
        "incidencias": "",
        "vuelo": 1,
        "aerolinea": 15
    }
},
{
    "model": "apaeropuerto.vueloaerolinea",
    "pk": 2,
    "fields": {
        "fecha_operacion": null,
        "estado": "",
        "clase": "E",
        "incidencias": "",
        "vuelo": 2,
        "aerolinea": 14
    }
},
{
    "model": "apaeropuerto.vueloaerolinea",
    "pk": 3,
    "fields": {
        "fecha_operacion": null,
        "estado": "",
        "clase": "E",
        "incidencias": "",
        "vuelo": 2,
        "aerolinea": 12
    }
},
{
    "model": "apaeropuerto.vueloaerolinea",
    "pk": 4,
    "fields": {
        "fecha_operacion": null,
        "estado": "",
        "clase": "E",
        "incidencias": "",
        "vuelo": 3,
        "aerolinea": 13
    }
},
{
    "model": "apaeropuerto.vueloaerolinea",
    "pk": 5,
    "fields": {
        "fecha_operacion": null,
        "estado": "",
        "clase": "E",
        "incidencias": "",
        "vuelo": 3,
        "aerolinea": 1
    }
},
{
    "model": "apaeropuerto.vueloaerolinea",
    "pk": 6,
    "fields": {
        "fecha_operacion": null,
        "estado": "",
        "clase": "E",
        "incidencias": "",
        "vuelo": 3,
        "aerolinea": 16
    }
},
{
    "model": "apaeropuerto.vueloaerolinea",
    "pk": 7,
    "fields": {
        "fecha_operacion": null,
        "estado": "",
        "clase": "E",
        "incidencias": "",
        "vuelo": 4,
        "aerolinea": 9
    }
},
{
    "model": "apaeropuerto.vueloaerolinea",
    "pk": 8,
    "fields": {
        "fecha_operacion": null,
        "estado": "",
        "clase": "E",
        "incidencias": "",
        "vuelo": 5,
        "aerolinea": 3
    }
},
{
    "model": "apaeropuerto.vueloaerolinea",
    "pk": 9,
    "fields": {
        "fecha_operacion": null,
        "estado": "",
        "clase": "E",
        "incidencias": "",
        "vuelo": 6,
        "aerolinea": 10
    }
},
{
    "model": "apaeropuerto.vueloaerolinea",
    "pk": 10,
    "fields": {
        "fecha_operacion": null,
        "estado": "",
        "clase": "E",
        "incidencias": "",
        "vuelo": 6,
        "aerolinea": 15
    }
},
{
    "model": "apaeropuerto.vueloaerolinea",
    "pk": 11,
    "fields": {
        "fecha_operacion": null,
        "estado": "",
        "clase": "E",
        "incidencias": "",
        "vuelo": 6,
        "aerolinea": 12
    }
},
{
    "model": "apaeropuerto.vueloaerolinea",
    "pk": 12,
    "fields": {
        "fecha_operacion": null,
        "estado": "",
        "clase": "E",
        "incidencias": "",
        "vuelo": 6,
        "aerolinea": 18
    }
},
{
    "model": "apaeropuerto.vueloaerolinea",
    "pk": 13,
    "fields": {
        "fecha_operacion": null,
        "estado": "",
        "clase": "E",
        "incidencias": "",
        "vuelo": 7,
        "aerolinea": 7
    }
},
{
    "model": "apaeropuerto.vueloaerolinea",
    "pk": 14,
    "fields": {
        "fecha_operacion": null,
        "estado": "",
        "clase": "E",
        "incidencias": "",
        "vuelo": 7,
        "aerolinea": 12
    }
},
{
    "model": "apaeropuerto.vueloaerolinea",
    "pk": 15,
    "fields": {
        "fecha_operacion": null,
        "estado": "",
        "clase": "E",
        "incidencias": "",
        "vuelo": 7,
        "aerolinea": 10
    }
},
{
    "model": "apaeropuerto.vueloaerolinea",
    "pk": 16,
    "fields": {
        "fecha_operacion": null,
        "estado": "",
        "clase": "E",
        "incidencias": "",
        "vuelo": 7,
        "aerolinea": 3
    }
},
{
    "model": "apaeropuerto.vueloaerolinea",
    "pk": 17,
    "fields": {
        "fecha_operacion": null,
        "estado": "",
        "clase": "E",
        "incidencias": "",
        "vuelo": 7,
        "aerolinea": 17
    }
},
{
    "model": "apaeropuerto.vueloaerolinea",
    "pk": 18,
    "fields": {
        "fecha_operacion": null,
        "estado": "",
        "clase": "E",
        "incidencias": "",
        "vuelo": 8,
        "aerolinea": 6
    }
},
{
    "model": "apaeropuerto.vueloaerolinea",
    "pk": 19,
    "fields": {
        "fecha_operacion": null,
        "estado": "",
        "clase": "E",
        "incidencias": "",
        "vuelo": 9,
        "aerolinea": 10
    }
},
{
    "model": "apaeropuerto.vueloaerolinea",
    "pk": 20,
    "fields": {
        "fecha_operacion": null,
        "estado": "",
        "clase": "E",
        "incidencias": "",
        "vuelo": 10,
        "aerolinea": 18
    }
},
{
    "model": "apaeropuerto.vueloaerolinea",
    "pk": 21,
    "fields": {
        "fecha_operacion": null,
        "estado": "",
        "clase": "E",
        "incidencias": "",
        "vuelo": 10,
        "aerolinea": 3
    }
},
{
    "model": "apaeropuerto.vueloaerolinea",
    "pk": 22,
    "fields": {
        "fecha_operacion": null,
        "estado": "",
        "clase": "E",
        "incidencias": "",
        "vuelo": 11,
        "aerolinea": 11
    }
},
{
    "model": "apaeropuerto.vueloaerolinea",
    "pk": 23,
    "fields": {
        "fecha_operacion": null,
        "estado": "",
        "clase": "E",
        "incidencias": "",
        "vuelo": 11,
        "aerolinea": 18
    }
},
{
    "model": "apaeropuerto.vueloaerolinea",
    "pk": 24,
    "fields": {
        "fecha_operacion": null,
        "estado": "",
        "clase": "E",
        "incidencias": "",
        "vuelo": 12,
        "aerolinea": 20
    }
},
{
    "model": "apaeropuerto.vueloaerolinea",
    "pk": 25,
    "fields": {
        "fecha_operacion": null,
        "estado": "",
        "clase": "E",
        "incidencias": "",
        "vuelo": 13,
        "aerolinea": 1
    }
},
{
    "model": "apaeropuerto.vueloaerolinea",
    "pk": 26,
    "fields": {
        "fecha_operacion": null,
        "estado": "",
        "clase": "E",
        "incidencias": "",
        "vuelo": 13,
        "aerolinea": 5
    }
},
{
    "model": "apaeropuerto.vueloaerolinea",
    "pk": 27,
    "fields": {
        "fecha_operacion": null,
        "estado": "",
        "clase": "E",
        "incidencias": "",
        "vuelo": 13,
        "aerolinea": 18
    }
},
{
    "model": "apaeropuerto.vueloaerolinea",
    "pk": 28,
    "fields": {
        "fecha_operacion": null,
        "estado": "",
        "clase": "E",
        "incidencias": "",
        "vuelo": 13,
        "aerolinea": 7
    }
},
{
    "model": "apaeropuerto.vueloaerolinea",
    "pk": 29,
    "fields": {
        "fecha_operacion": null,
        "estado": "",
        "clase": "E",
        "incidencias": "",
        "vuelo": 14,
        "aerolinea": 8
    }
},
{
    "model": "apaeropuerto.vueloaerolinea",
    "pk": 30,
    "fields": {
        "fecha_operacion": null,
        "estado": "",
        "clase": "E",
        "incidencias": "",
        "vuelo": 14,
        "aerolinea": 14
    }
},
{
    "model": "apaeropuerto.vueloaerolinea",
    "pk": 31,
    "fields": {
        "fecha_operacion": null,
        "estado": "",
        "clase": "E",
        "incidencias": "",
        "vuelo": 15,
        "aerolinea": 11
    }
},
{
    "model": "apaeropuerto.vueloaerolinea",
    "pk": 32,
    "fields": {
        "fecha_operacion": null,
        "estado": "",
        "clase": "E",
        "incidencias": "",
        "vuelo": 15,
        "aerolinea": 5
    }
},
{
    "model": "apaeropuerto.vueloaerolinea",
    "pk": 33,
    "fields": {
        "fecha_operacion": null,
        "estado": "",
        "clase": "E",
        "incidencias": "",
        "vuelo": 15,
        "aerolinea": 15
    }
},
{
    "model": "apaeropuerto.vueloaerolinea",
    "pk": 34,
    "fields": {
        "fecha_operacion": null,
        "estado": "",
        "clase": "E",
        "incidencias": "",
        "vuelo": 15,
        "aerolinea": 7
    }
},
{
    "model": "apaeropuerto.vueloaerolinea",
    "pk": 35,
    "fields": {
        "fecha_operacion": null,
        "estado": "",
        "clase": "E",
        "incidencias": "",
        "vuelo": 16,
        "aerolinea": 20
    }
},
{
    "model": "apaeropuerto.vueloaerolinea",
    "pk": 36,
    "fields": {
        "fecha_operacion": null,
        "estado": "",
        "clase": "E",
        "incidencias": "",
        "vuelo": 16,
        "aerolinea": 10
    }
},
{
    "model": "apaeropuerto.vueloaerolinea",
    "pk": 37,
    "fields": {
        "fecha_operacion": null,
        "estado": "",
        "clase": "E",
        "incidencias": "",
        "vuelo": 17,
        "aerolinea": 6
    }
},
{
    "model": "apaeropuerto.vueloaerolinea",
    "pk": 38,
    "fields": {
        "fecha_operacion": null,
        "estado": "",
        "clase": "E",
        "incidencias": "",
        "vuelo": 17,
        "aerolinea": 7
    }
},
{
    "model": "apaeropuerto.vueloaerolinea",
    "pk": 39,
    "fields": {
        "fecha_operacion": null,
        "estado": "",
        "clase": "E",
        "incidencias": "",
        "vuelo": 17,
        "aerolinea": 12
    }
},
{
    "model": "apaeropuerto.vueloaerolinea",
    "pk": 40,
    "fields": {
        "fecha_operacion": null,
        "estado": "",
        "clase": "E",
        "incidencias": "",
        "vuelo": 18,
        "aerolinea": 17
    }
},
{
    "model": "apaeropuerto.vueloaerolinea",
    "pk": 41,
    "fields": {
        "fecha_operacion": null,
        "estado": "",
        "clase": "E",
        "incidencias": "",
        "vuelo": 18,
        "aerolinea": 8
    }
},
{
    "model": "apaeropuerto.vueloaerolinea",
    "pk": 42,
    "fields": {
        "fecha_operacion": null,
        "estado": "",
        "clase": "E",
        "incidencias": "",
        "vuelo": 18,
        "aerolinea": 12
    }
},
{
    "model": "apaeropuerto.vueloaerolinea",
    "pk": 43,
    "fields": {
        "fecha_operacion": null,
        "estado": "",
        "clase": "E",
        "incidencias": "",
        "vuelo": 19,
        "aerolinea": 1
    }
},
{
    "model": "apaeropuerto.vueloaerolinea",
    "pk": 44,
    "fields": {
        "fecha_operacion": null,
        "estado": "",
        "clase": "E",
        "incidencias": "",
        "vuelo": 19,
        "aerolinea": 7
    }
},
{
    "model": "apaeropuerto.vueloaerolinea",
    "pk": 45,
    "fields": {
        "fecha_operacion": null,
        "estado": "",
        "clase": "E",
        "incidencias": "",
        "vuelo": 19,
        "aerolinea": 12
    }
},
{
    "model": "apaeropuerto.vueloaerolinea",
    "pk": 46,
    "fields": {
        "fecha_operacion": null,
        "estado": "",
        "clase": "E",
        "incidencias": "",
        "vuelo": 19,
        "aerolinea": 8
    }
},
{
    "model": "apaeropuerto.vueloaerolinea",
    "pk": 47,
    "fields": {
        "fecha_operacion": null,
        "estado": "",
        "clase": "E",
        "incidencias": "",
        "vuelo": 20,
        "aerolinea": 12
    }
},
{
    "model": "apaeropuerto.vueloaerolinea",
    "pk": 48,
    "fields": {
        "fecha_operacion": "2014-05-24T12:52:34.662",
        "estado": "Source prepare language since include pass. East media without newspaper heavy. Seat real property analysis blood almost whose remain.",
        "clase": "E",
        "incidencias": "Seek mouth party. Ready rather try claim agency cup. Above everyone pull.",
        "vuelo": 17,
        "aerolinea": 9
    }
},
{
    "model": "apaeropuerto.vueloaerolinea",
    "pk": 49,
    "fields": {
        "fecha_operacion": "1997-01-20T10:48:32.471",
        "estado": "Personal leave culture. Commercial three modern firm project happen not.\nHe stop amount of use. Culture likely decade. Begin certainly must any through color.",
        "clase": "E",
        "incidencias": "Receive dream improve bad raise another.",
        "vuelo": 16,
        "aerolinea": 2
    }
},
{
    "model": "apaeropuerto.vueloaerolinea",
    "pk": 50,
    "fields": {
        "fecha_operacion": "1994-01-11T10:27:06.207",
        "estado": "Defense stay special morning common.\nPolice finish next seem bad claim. Example eat message Congress foreign dark. Final do employee four there.",
        "clase": "E",
        "incidencias": "Society give behavior evening discussion. I exist office particular wall.",
        "vuelo": 20,
        "aerolinea": 19
    }
},
{
    "model": "apaeropuerto.vueloaerolinea",
    "pk": 51,
    "fields": {
        "fecha_operacion": "2004-08-09T18:30:13.438",
        "estado": "Officer everyone increase present. Myself short present success. Forget if shoulder product. Figure agency may no probably.\nDifference free wait loss include or body should.",
        "clase": "E",
        "incidencias": "Edge drug huge pressure. End friend security authority. Central away democratic dog expect.",
        "vuelo": 4,
        "aerolinea": 5
    }
},
{
    "model": "apaeropuerto.vueloaerolinea",
    "pk": 52,
    "fields": {
        "fecha_operacion": "1992-08-18T08:21:18.030",
        "estado": "Rise personal might. Everything fear perform performance share former. Nearly build billion sit throw discuss she.",
        "clase": "E",
        "incidencias": "Ready value fill image. Story record design bag paper.",
        "vuelo": 6,
        "aerolinea": 14
    }
},
{
    "model": "apaeropuerto.vueloaerolinea",
    "pk": 53,
    "fields": {
        "fecha_operacion": "2018-03-08T15:07:40.677",
        "estado": "Discuss war economic other know. Apply ground maybe. Chair thus commercial popular quality approach north.\nPay game outside bed simply research its.",
        "clase": "E",
        "incidencias": "Think certainly wind be human choice. Stand director on thank.",
        "vuelo": 17,
        "aerolinea": 2
    }
},
{
    "model": "apaeropuerto.vueloaerolinea",
    "pk": 54,
    "fields": {
        "fecha_operacion": "1993-12-19T10:38:37.521",
        "estado": "Fear central want sea either moment clear. Manager prepare and. Its order summer think when item professional fine.\nGreen anything fine want dark world this. Fight increase hair church goal value.",
        "clase": "E",
        "incidencias": "Sign decade peace leave cause. Business power suffer painting myself final feel father.",
        "vuelo": 7,
        "aerolinea": 6
    }
},
{
    "model": "apaeropuerto.vueloaerolinea",
    "pk": 55,
    "fields": {
        "fecha_operacion": "1976-07-18T07:26:31.509",
        "estado": "Everyone commercial behavior. Production law option another change analysis. Listen quite successful maintain they.",
        "clase": "E",
        "incidencias": "Trade special thank author notice must wear. Able lot law drive include.",
        "vuelo": 19,
        "aerolinea": 6
    }
},
{
    "model": "apaeropuerto.vueloaerolinea",
    "pk": 56,
    "fields": {
        "fecha_operacion": "2015-02-06T17:39:37.931",
        "estado": "Prove throw indicate loss despite. Home program trip choice point.\nNotice story education decide sing collection.\nName task camera build better bar.",
        "clase": "E",
        "incidencias": "Couple almost they. Price take every prove parent himself.",
        "vuelo": 7,
        "aerolinea": 18
    }
},
{
    "model": "apaeropuerto.vueloaerolinea",
    "pk": 57,
    "fields": {
        "fecha_operacion": "1984-08-17T22:30:47.268",
        "estado": "Either ago study pretty note say coach. Finish able degree local cup others.\nKid tough technology song. Place way appear must around.",
        "clase": "E",
        "incidencias": "Whole office accept three information. Building energy old any compare buy.",
        "vuelo": 16,
        "aerolinea": 20
    }
},
{
    "model": "apaeropuerto.vueloaerolinea",
    "pk": 58,
    "fields": {
        "fecha_operacion": "1989-04-13T22:19:23.500",
        "estado": "Watch cause explain difficult another traditional. Thus hundred after yes history. Open food hot recently animal on father hotel.",
        "clase": "E",
        "incidencias": "Section thousand decade. Either mouth decision spend.",
        "vuelo": 20,
        "aerolinea": 17
    }
},
{
    "model": "apaeropuerto.vueloaerolinea",
    "pk": 59,
    "fields": {
        "fecha_operacion": "1970-10-01T10:19:20.405",
        "estado": "Federal police cover lose have article number. Risk mission region.",
        "clase": "E",
        "incidencias": "When coach high land. Arrive be surface story during charge gas.",
        "vuelo": 9,
        "aerolinea": 18
    }
},
{
    "model": "apaeropuerto.vueloaerolinea",
    "pk": 60,
    "fields": {
        "fecha_operacion": "2022-12-06T01:02:39.378",
        "estado": "Do act north but. Sound tax million.\nBar its reveal low surface member. Law seem may imagine represent more.\nExist speech air yes likely. Change hundred already good turn whole.",
        "clase": "E",
        "incidencias": "Generation pattern happy out detail. Of drug per at different. Could yet cost law wrong standard.",
        "vuelo": 4,
        "aerolinea": 11
    }
},
{
    "model": "apaeropuerto.vueloaerolinea",
    "pk": 61,
    "fields": {
        "fecha_operacion": "1987-12-27T23:14:59.209",
        "estado": "Arrive great maintain ground year picture discover. Themselves single sometimes that management. Deep develop general upon.",
        "clase": "E",
        "incidencias": "Glass arm glass nation now doctor well. Cause rule every effort consider course.",
        "vuelo": 8,
        "aerolinea": 19
    }
},
{
    "model": "apaeropuerto.vueloaerolinea",
    "pk": 62,
    "fields": {
        "fecha_operacion": "2003-12-26T10:21:22.405",
        "estado": "Walk last first. Beat marriage manager party relationship worry. Serve prevent green nice behind agree sell.\nTerm nice arrive hand short commercial arm but. Eat guess fire travel finish type least.",
        "clase": "E",
        "incidencias": "Word young structure. Be power pass organization. Hot against today cost policy spend.",
        "vuelo": 18,
        "aerolinea": 4
    }
},
{
    "model": "apaeropuerto.vueloaerolinea",
    "pk": 63,
    "fields": {
        "fecha_operacion": "1972-04-13T04:59:50.195",
        "estado": "Meet hour represent each market stay fight position. Young key course increase send.\nLater cold agent last hit else. May base citizen somebody. Factor affect allow remain.",
        "clase": "E",
        "incidencias": "Speak experience matter set full bad. Evidence significant through PM.",
        "vuelo": 1,
        "aerolinea": 20
    }
},
{
    "model": "apaeropuerto.vueloaerolinea",
    "pk": 64,
    "fields": {
        "fecha_operacion": "1973-07-22T05:39:17.288",
        "estado": "Teach impact heavy image factor dark decision. Boy tonight everybody thank including let do.",
        "clase": "E",
        "incidencias": "Land song not reflect. Between professor there morning scene.",
        "vuelo": 5,
        "aerolinea": 16
    }
},
{
    "model": "apaeropuerto.vueloaerolinea",
    "pk": 65,
    "fields": {
        "fecha_operacion": "1984-12-05T20:37:43.844",
        "estado": "Speech eight reason traditional financial PM ten. Admit human soon easy region tax. Make word plan.\nYet focus religious prepare wrong.",
        "clase": "E",
        "incidencias": "Child could outside low data. Father charge when Mrs environmental.",
        "vuelo": 18,
        "aerolinea": 7
    }
},
{
    "model": "apaeropuerto.vueloaerolinea",
    "pk": 66,
    "fields": {
        "fecha_operacion": "2002-08-18T10:47:46.446",
        "estado": "Population what after garden all. People computer job person. Thing finally research left cause.",
        "clase": "E",
        "incidencias": "Grow station practice house at group. Health might account analysis save still.",
        "vuelo": 20,
        "aerolinea": 3
    }
},
{
    "model": "apaeropuerto.vueloaerolinea",
    "pk": 67,
    "fields": {
        "fecha_operacion": "1979-10-27T02:18:39.240",
        "estado": "Green student purpose night study front receive yes. Risk two well total respond.\nMoment herself least. Employee reduce her some road sister.",
        "clase": "E",
        "incidencias": "Enter despite call. Let nature wall main see natural.",
        "vuelo": 18,
        "aerolinea": 16
    }
},
{
    "model": "apaeropuerto.reserva",
    "pk": 1,
    "fields": {
        "fecha_reserva": "2025-02-04T13:00:46.189",
        "codigo_descueto": "Field teach item put care paper.",
        "metodo_pago": "tarjeta",
        "estado_de_pago": true,
        "pasajero": 4
    }
},
{
    "model": "apaeropuerto.reserva",
    "pk": 2,
    "fields": {
        "fecha_reserva": "2025-02-04T13:00:46.189",
        "codigo_descueto": "Grow form we. Deal another onto amount might.",
        "metodo_pago": "tarjeta",
        "estado_de_pago": true,
        "pasajero": 13
    }
},
{
    "model": "apaeropuerto.reserva",
    "pk": 3,
    "fields": {
        "fecha_reserva": "2025-02-04T13:00:46.189",
        "codigo_descueto": "During evening put none.\nChild agency something base paper finally.",
        "metodo_pago": "tarjeta",
        "estado_de_pago": false,
        "pasajero": 17
    }
},
{
    "model": "apaeropuerto.reserva",
    "pk": 4,
    "fields": {
        "fecha_reserva": "2025-02-04T13:00:46.189",
        "codigo_descueto": "Memory protect home four television join. Leader door nation.",
        "metodo_pago": "tarjeta",
        "estado_de_pago": true,
        "pasajero": 9
    }
},
{
    "model": "apaeropuerto.reserva",
    "pk": 5,
    "fields": {
        "fecha_reserva": "2025-02-04T13:00:46.189",
        "codigo_descueto": "White call tend purpose. Finish opportunity line old. Line research century model.",
        "metodo_pago": "tarjeta",
        "estado_de_pago": false,
        "pasajero": 11
    }
},
{
    "model": "apaeropuerto.reserva",
    "pk": 6,
    "fields": {
        "fecha_reserva": "2025-02-04T13:00:46.189",
        "codigo_descueto": "Security exist hospital design. View across time sit whom.",
        "metodo_pago": "tarjeta",
        "estado_de_pago": true,
        "pasajero": 9
    }
},
{
    "model": "apaeropuerto.reserva",
    "pk": 7,
    "fields": {
        "fecha_reserva": "2025-02-04T13:00:46.189",
        "codigo_descueto": "Open stop soon six prevent civil spend some.",
        "metodo_pago": "tarjeta",
        "estado_de_pago": false,
        "pasajero": 14
    }
},
{
    "model": "apaeropuerto.reserva",
    "pk": 8,
    "fields": {
        "fecha_reserva": "2025-02-04T13:00:46.189",
        "codigo_descueto": "The arm finish back contain market.",
        "metodo_pago": "tarjeta",
        "estado_de_pago": false,
        "pasajero": 12
    }
},
{
    "model": "apaeropuerto.reserva",
    "pk": 9,
    "fields": {
        "fecha_reserva": "2025-02-04T13:00:46.189",
        "codigo_descueto": "Discussion on however material. Cultural future system your appear carry it.",
        "metodo_pago": "tarjeta",
        "estado_de_pago": true,
        "pasajero": 5
    }
},
{
    "model": "apaeropuerto.reserva",
    "pk": 10,
    "fields": {
        "fecha_reserva": "2025-02-04T13:00:46.189",
        "codigo_descueto": "Because could check modern technology star.",
        "metodo_pago": "tarjeta",
        "estado_de_pago": true,
        "pasajero": 13
    }
},
{
    "model": "apaeropuerto.reserva",
    "pk": 11,
    "fields": {
        "fecha_reserva": "2025-02-04T13:00:46.189",
        "codigo_descueto": "Top town interview natural.",
        "metodo_pago": "tarjeta",
        "estado_de_pago": true,
        "pasajero": 9
    }
},
{
    "model": "apaeropuerto.reserva",
    "pk": 12,
    "fields": {
        "fecha_reserva": "2025-02-04T13:00:46.189",
        "codigo_descueto": "Wonder report care. Key center country time travel. Little easy lay usually bank out.",
        "metodo_pago": "tarjeta",
        "estado_de_pago": false,
        "pasajero": 14
    }
},
{
    "model": "apaeropuerto.reserva",
    "pk": 13,
    "fields": {
        "fecha_reserva": "2025-02-04T13:00:46.189",
        "codigo_descueto": "Appear move soon quickly great. Middle north oil movie kitchen.",
        "metodo_pago": "tarjeta",
        "estado_de_pago": false,
        "pasajero": 17
    }
},
{
    "model": "apaeropuerto.reserva",
    "pk": 14,
    "fields": {
        "fecha_reserva": "2025-02-04T13:00:46.189",
        "codigo_descueto": "Before reduce prepare animal. Attention stand movie class attack represent parent close.",
        "metodo_pago": "tarjeta",
        "estado_de_pago": false,
        "pasajero": 15
    }
},
{
    "model": "apaeropuerto.reserva",
    "pk": 15,
    "fields": {
        "fecha_reserva": "2025-02-04T13:00:46.189",
        "codigo_descueto": "Herself movie card toward test measure. Subject story test month beyond without and.",
        "metodo_pago": "tarjeta",
        "estado_de_pago": false,
        "pasajero": 18
    }
},
{
    "model": "apaeropuerto.reserva",
    "pk": 16,
    "fields": {
        "fecha_reserva": "2025-02-04T13:00:46.189",
        "codigo_descueto": "Street whether interesting like inside middle. Nation industry wonder fire blood.",
        "metodo_pago": "tarjeta",
        "estado_de_pago": true,
        "pasajero": 3
    }
},
{
    "model": "apaeropuerto.reserva",
    "pk": 17,
    "fields": {
        "fecha_reserva": "2025-02-04T13:00:46.189",
        "codigo_descueto": "Send event understand old. Ten offer hold local. Safe both bar have she laugh attack.",
        "metodo_pago": "tarjeta",
        "estado_de_pago": true,
        "pasajero": 5
    }
},
{
    "model": "apaeropuerto.reserva",
    "pk": 18,
    "fields": {
        "fecha_reserva": "2025-02-04T13:00:46.189",
        "codigo_descueto": "Available themselves draw sometimes live necessary.",
        "metodo_pago": "tarjeta",
        "estado_de_pago": true,
        "pasajero": 15
    }
},
{
    "model": "apaeropuerto.reserva",
    "pk": 19,
    "fields": {
        "fecha_reserva": "2025-02-04T13:00:46.189",
        "codigo_descueto": "Power with top between ready relationship. Doctor growth soldier argue coach.",
        "metodo_pago": "tarjeta",
        "estado_de_pago": true,
        "pasajero": 7
    }
},
{
    "model": "apaeropuerto.reserva",
    "pk": 20,
    "fields": {
        "fecha_reserva": "2025-02-04T13:00:46.189",
        "codigo_descueto": "Operation side send within. Language common so. Center help discuss class.",
        "metodo_pago": "tarjeta",
        "estado_de_pago": false,
        "pasajero": 4
    }
},
{
    "model": "apaeropuerto.asiento",
    "pk": 1,
    "fields": {
        "clase": "E",
        "precio": "0.63",
        "posicion": "V",
        "sistema_entretenimiento": true,
        "vuelo": 2,
        "pasajero": 7
    }
},
{
    "model": "apaeropuerto.asiento",
    "pk": 2,
    "fields": {
        "clase": "E",
        "precio": "0.94",
        "posicion": "V",
        "sistema_entretenimiento": true,
        "vuelo": 15,
        "pasajero": 5
    }
},
{
    "model": "apaeropuerto.asiento",
    "pk": 3,
    "fields": {
        "clase": "E",
        "precio": "0.68",
        "posicion": "P",
        "sistema_entretenimiento": true,
        "vuelo": 7,
        "pasajero": 5
    }
},
{
    "model": "apaeropuerto.asiento",
    "pk": 4,
    "fields": {
        "clase": "E",
        "precio": "0.57",
        "posicion": "P",
        "sistema_entretenimiento": false,
        "vuelo": 19,
        "pasajero": 14
    }
},
{
    "model": "apaeropuerto.asiento",
    "pk": 5,
    "fields": {
        "clase": "E",
        "precio": "0.39",
        "posicion": "V",
        "sistema_entretenimiento": false,
        "vuelo": 15,
        "pasajero": 16
    }
},
{
    "model": "apaeropuerto.asiento",
    "pk": 6,
    "fields": {
        "clase": "E",
        "precio": "0.30",
        "posicion": "V",
        "sistema_entretenimiento": true,
        "vuelo": 4,
        "pasajero": 13
    }
},
{
    "model": "apaeropuerto.asiento",
    "pk": 7,
    "fields": {
        "clase": "E",
        "precio": "0.91",
        "posicion": "V",
        "sistema_entretenimiento": true,
        "vuelo": 6,
        "pasajero": 12
    }
},
{
    "model": "apaeropuerto.asiento",
    "pk": 8,
    "fields": {
        "clase": "E",
        "precio": "0.77",
        "posicion": "V",
        "sistema_entretenimiento": true,
        "vuelo": 17,
        "pasajero": 2
    }
},
{
    "model": "apaeropuerto.asiento",
    "pk": 9,
    "fields": {
        "clase": "E",
        "precio": "0.04",
        "posicion": "M",
        "sistema_entretenimiento": true,
        "vuelo": 11,
        "pasajero": 17
    }
},
{
    "model": "apaeropuerto.asiento",
    "pk": 10,
    "fields": {
        "clase": "E",
        "precio": "0.25",
        "posicion": "P",
        "sistema_entretenimiento": false,
        "vuelo": 18,
        "pasajero": 1
    }
},
{
    "model": "apaeropuerto.asiento",
    "pk": 11,
    "fields": {
        "clase": "E",
        "precio": "0.65",
        "posicion": "P",
        "sistema_entretenimiento": true,
        "vuelo": 2,
        "pasajero": 3
    }
},
{
    "model": "apaeropuerto.asiento",
    "pk": 12,
    "fields": {
        "clase": "E",
        "precio": "0.47",
        "posicion": "V",
        "sistema_entretenimiento": false,
        "vuelo": 11,
        "pasajero": 13
    }
},
{
    "model": "apaeropuerto.asiento",
    "pk": 13,
    "fields": {
        "clase": "E",
        "precio": "0.44",
        "posicion": "M",
        "sistema_entretenimiento": true,
        "vuelo": 1,
        "pasajero": 11
    }
},
{
    "model": "apaeropuerto.asiento",
    "pk": 14,
    "fields": {
        "clase": "E",
        "precio": "0.16",
        "posicion": "M",
        "sistema_entretenimiento": true,
        "vuelo": 4,
        "pasajero": 14
    }
},
{
    "model": "apaeropuerto.asiento",
    "pk": 15,
    "fields": {
        "clase": "E",
        "precio": "0.83",
        "posicion": "M",
        "sistema_entretenimiento": true,
        "vuelo": 4,
        "pasajero": 4
    }
},
{
    "model": "apaeropuerto.asiento",
    "pk": 16,
    "fields": {
        "clase": "E",
        "precio": "0.89",
        "posicion": "V",
        "sistema_entretenimiento": false,
        "vuelo": 13,
        "pasajero": 7
    }
},
{
    "model": "apaeropuerto.asiento",
    "pk": 17,
    "fields": {
        "clase": "E",
        "precio": "0.28",
        "posicion": "P",
        "sistema_entretenimiento": false,
        "vuelo": 5,
        "pasajero": 15
    }
},
{
    "model": "apaeropuerto.asiento",
    "pk": 18,
    "fields": {
        "clase": "E",
        "precio": "0.57",
        "posicion": "P",
        "sistema_entretenimiento": false,
        "vuelo": 12,
        "pasajero": 4
    }
},
{
    "model": "apaeropuerto.asiento",
    "pk": 19,
    "fields": {
        "clase": "E",
        "precio": "0.71",
        "posicion": "P",
        "sistema_entretenimiento": false,
        "vuelo": 18,
        "pasajero": 20
    }
},
{
    "model": "apaeropuerto.asiento",
    "pk": 20,
    "fields": {
        "clase": "E",
        "precio": "0.39",
        "posicion": "M",
        "sistema_entretenimiento": false,
        "vuelo": 5,
        "pasajero": 20
    }
},
{
    "model": "apaeropuerto.servicio",
    "pk": 1,
    "fields": {
        "tipo_servicio": "Fear bit owner serve sometimes step ten its.",
        "costo": 0.3917726484616759,
        "duracion_servicio": "01:18:50",
        "añadido": "Drop respond rule response. Officer over like dark some reason necessary.",
        "aeropuerto": [
            6,
            14
        ]
    }
},
{
    "model": "apaeropuerto.servicio",
    "pk": 2,
    "fields": {
        "tipo_servicio": "Next TV leg do.",
        "costo": 0.03726155724633062,
        "duracion_servicio": "18:23:19",
        "añadido": "But above family. Population back recent not.",
        "aeropuerto": [
            2,
            3,
            10,
            19
        ]
    }
},
{
    "model": "apaeropuerto.servicio",
    "pk": 3,
    "fields": {
        "tipo_servicio": "Thing east life occur. Good break hard pressure everything.",
        "costo": 0.007726888944589394,
        "duracion_servicio": "23:12:56",
        "añadido": "Hear however language sort fire. Pay cover factor edge.",
        "aeropuerto": [
            1
        ]
    }
},
{
    "model": "apaeropuerto.servicio",
    "pk": 4,
    "fields": {
        "tipo_servicio": "Growth law water doctor. Message short support listen these but.",
        "costo": 0.6839569785850026,
        "duracion_servicio": "19:49:16",
        "añadido": "Really cause argue. Least develop speak herself approach few help.",
        "aeropuerto": [
            2,
            11,
            14,
            18
        ]
    }
},
{
    "model": "apaeropuerto.servicio",
    "pk": 5,
    "fields": {
        "tipo_servicio": "Hope list role allow score successful out.",
        "costo": 0.18997278547464058,
        "duracion_servicio": "22:37:41",
        "añadido": "Budget believe instead bad day. Audience probably plan few vote early.\nWide north church surface.",
        "aeropuerto": [
            3,
            13,
            19
        ]
    }
},
{
    "model": "apaeropuerto.servicio",
    "pk": 6,
    "fields": {
        "tipo_servicio": "Board start nation line president half south.",
        "costo": 0.33209835517444386,
        "duracion_servicio": "10:22:30",
        "añadido": "Drug other throw often Congress remain everyone. Sing son own wind best growth.",
        "aeropuerto": [
            4,
            17
        ]
    }
},
{
    "model": "apaeropuerto.servicio",
    "pk": 7,
    "fields": {
        "tipo_servicio": "Value nor material major task page. Them community total cell citizen.",
        "costo": 0.9680786596243541,
        "duracion_servicio": "22:16:00",
        "añadido": "Film between black value let positive wear once.",
        "aeropuerto": [
            6
        ]
    }
},
{
    "model": "apaeropuerto.servicio",
    "pk": 8,
    "fields": {
        "tipo_servicio": "Her cut step memory movie time. International money pressure record thus.",
        "costo": 0.6572304903977574,
        "duracion_servicio": "16:54:43",
        "añadido": "Miss media production could. Region air knowledge.",
        "aeropuerto": [
            2,
            6,
            12
        ]
    }
},
{
    "model": "apaeropuerto.servicio",
    "pk": 9,
    "fields": {
        "tipo_servicio": "Sister art add attack appear might modern huge. Gas bag good black. Back campaign free.",
        "costo": 0.2803797074783576,
        "duracion_servicio": "04:47:23",
        "añadido": "Produce color my make fall wife then. Evidence picture wife this firm sell customer.",
        "aeropuerto": [
            1,
            9,
            15,
            20
        ]
    }
},
{
    "model": "apaeropuerto.servicio",
    "pk": 10,
    "fields": {
        "tipo_servicio": "Window international pay difficult model represent. Ago instead security. After easy song middle.",
        "costo": 0.9374360354141484,
        "duracion_servicio": "18:45:20",
        "añadido": "Explain street low operation center power moment when. Include near party might.",
        "aeropuerto": [
            3,
            11,
            14,
            16,
            17
        ]
    }
},
{
    "model": "apaeropuerto.servicio",
    "pk": 11,
    "fields": {
        "tipo_servicio": "Decision range challenge build heavy yet stand. Behind today particular four.",
        "costo": 0.26985948155278505,
        "duracion_servicio": "00:52:38",
        "añadido": "Discover message range. Hot right yard experience.",
        "aeropuerto": [
            1,
            3,
            5,
            12
        ]
    }
},
{
    "model": "apaeropuerto.servicio",
    "pk": 12,
    "fields": {
        "tipo_servicio": "Herself stop recent. Season fish data officer outside.",
        "costo": 0.17361758670962912,
        "duracion_servicio": "11:29:25",
        "añadido": "One rest area.\nNational drug want name the. Wait religious lay politics family ahead.",
        "aeropuerto": [
            5,
            7,
            8,
            12,
            13
        ]
    }
},
{
    "model": "apaeropuerto.servicio",
    "pk": 13,
    "fields": {
        "tipo_servicio": "Much professor smile develop. Still else story bill able.",
        "costo": 0.5457463669806093,
        "duracion_servicio": "06:25:42",
        "añadido": "State event white five maybe. Nor area offer well firm. Political forget prove animal able.",
        "aeropuerto": [
            3,
            17
        ]
    }
},
{
    "model": "apaeropuerto.servicio",
    "pk": 14,
    "fields": {
        "tipo_servicio": "Example yes time hit blue board southern seek. Girl street learn available doctor kitchen song.",
        "costo": 0.6046009304128974,
        "duracion_servicio": "04:33:39",
        "añadido": "Claim enough such low kid. Family model professor box also beyond likely.",
        "aeropuerto": [
            7,
            12,
            15
        ]
    }
},
{
    "model": "apaeropuerto.servicio",
    "pk": 15,
    "fields": {
        "tipo_servicio": "Discussion choose street during as prevent. Industry money collection agency leave base.",
        "costo": 0.4560622360236123,
        "duracion_servicio": "05:18:10",
        "añadido": "Trade bad station herself forget. Cost economic yes room spring.",
        "aeropuerto": [
            1,
            13
        ]
    }
},
{
    "model": "apaeropuerto.servicio",
    "pk": 16,
    "fields": {
        "tipo_servicio": "Because affect inside out inside standard. Adult discussion stuff car seek sea.",
        "costo": 0.6076411755826445,
        "duracion_servicio": "04:56:55",
        "añadido": "House high everything happen. Generation serious president hand receive institution.",
        "aeropuerto": [
            20
        ]
    }
},
{
    "model": "apaeropuerto.servicio",
    "pk": 17,
    "fields": {
        "tipo_servicio": "Relate everything century activity. Information glass goal season according.",
        "costo": 0.6742148974926075,
        "duracion_servicio": "06:25:55",
        "añadido": "These enough plan energy reality candidate.",
        "aeropuerto": [
            12,
            16,
            20
        ]
    }
},
{
    "model": "apaeropuerto.servicio",
    "pk": 18,
    "fields": {
        "tipo_servicio": "Tell former few offer history nice her media. Full up form small.",
        "costo": 0.21112896865835618,
        "duracion_servicio": "05:49:19",
        "añadido": "Street out catch give. Long instead east prepare relate at. Other southern little apply ever civil.",
        "aeropuerto": [
            1,
            3,
            14,
            19
        ]
    }
},
{
    "model": "apaeropuerto.servicio",
    "pk": 19,
    "fields": {
        "tipo_servicio": "So per early myself. Someone report receive part federal suffer.",
        "costo": 0.952765084755396,
        "duracion_servicio": "21:59:48",
        "añadido": "Certain pattern entire while entire discuss. Arrive apply since three scene.",
        "aeropuerto": [
            5,
            7,
            9,
            11,
            15
        ]
    }
},
{
    "model": "apaeropuerto.servicio",
    "pk": 20,
    "fields": {
        "tipo_servicio": "Even develop total part. Increase difference chair contain late star.",
        "costo": 0.29805649239942467,
        "duracion_servicio": "18:01:43",
        "añadido": "Rest former standard leg western life born. Ok us pay budget attack deep use.",
        "aeropuerto": [
            5,
            6,
            16
        ]
    }
},
{
    "model": "apaeropuerto.empleado",
    "pk": 1,
    "fields": {
        "nombre": "Chance near wrong particularly kind. Treatment statement only look nice.",
        "apellido": "Investment student put degree fly rule. Such government style wish line bit education.",
        "cargo": "EM",
        "fecha_contratacion": "1982-02-07",
        "servicio": 9
    }
},
{
    "model": "apaeropuerto.empleado",
    "pk": 2,
    "fields": {
        "nombre": "Game standard last research out. Card reduce success yourself federal traditional.",
        "apellido": "Hour every describe each. Down be art guess memory prepare business. Range today time way much.",
        "cargo": "EM",
        "fecha_contratacion": "1979-08-20",
        "servicio": 2
    }
},
{
    "model": "apaeropuerto.empleado",
    "pk": 3,
    "fields": {
        "nombre": "Water build now official. White smile run let attention. Sense program arrive age.",
        "apellido": "And care create drop court available turn. Upon itself strategy walk its reduce.",
        "cargo": "EM",
        "fecha_contratacion": "1990-04-20",
        "servicio": 12
    }
},
{
    "model": "apaeropuerto.empleado",
    "pk": 4,
    "fields": {
        "nombre": "Some spend wear strong begin analysis avoid. Would year little century tough story draw.",
        "apellido": "Camera especially just reduce. Compare large recognize surface nice space.",
        "cargo": "EM",
        "fecha_contratacion": "2020-12-29",
        "servicio": 5
    }
},
{
    "model": "apaeropuerto.empleado",
    "pk": 5,
    "fields": {
        "nombre": "Loss charge food exactly interesting remain movement. Some clear war management.",
        "apellido": "End hand thought rise man popular answer. Indicate job gas herself mention.",
        "cargo": "EM",
        "fecha_contratacion": "1999-09-01",
        "servicio": 13
    }
},
{
    "model": "apaeropuerto.empleado",
    "pk": 6,
    "fields": {
        "nombre": "Decide better military lawyer. National school run million one.",
        "apellido": "Main nature herself mission compare operation report. Drive a prevent couple wonder almost day.",
        "cargo": "EM",
        "fecha_contratacion": "1988-09-24",
        "servicio": 10
    }
},
{
    "model": "apaeropuerto.empleado",
    "pk": 7,
    "fields": {
        "nombre": "Thousand seek sit admit. Consumer effort example base.",
        "apellido": "Among explain economic firm fire. World might huge military.",
        "cargo": "EM",
        "fecha_contratacion": "1998-08-20",
        "servicio": 11
    }
},
{
    "model": "apaeropuerto.empleado",
    "pk": 8,
    "fields": {
        "nombre": "Industry option offer brother always for beyond sit. Memory smile have already learn agent.",
        "apellido": "Civil event lead coach suffer tell policy. Relationship owner culture population worry already.",
        "cargo": "EM",
        "fecha_contratacion": "1979-06-20",
        "servicio": 1
    }
},
{
    "model": "apaeropuerto.empleado",
    "pk": 9,
    "fields": {
        "nombre": "Single food possible side remember change apply. Ok fight some after politics news recent.",
        "apellido": "Candidate draw you number nearly. Product prepare its design say.",
        "cargo": "EM",
        "fecha_contratacion": "1978-04-19",
        "servicio": 8
    }
},
{
    "model": "apaeropuerto.empleado",
    "pk": 10,
    "fields": {
        "nombre": "Officer must short energy three ahead. Speech decade owner next season treat spend trade.",
        "apellido": "Leave since catch science ten themselves.",
        "cargo": "EM",
        "fecha_contratacion": "2021-05-19",
        "servicio": 13
    }
},
{
    "model": "apaeropuerto.empleado",
    "pk": 11,
    "fields": {
        "nombre": "Best attention study either education pressure. Out set size alone attorney natural again.",
        "apellido": "Brother stage oil perform American true. Soon politics listen note technology.",
        "cargo": "EM",
        "fecha_contratacion": "1989-04-27",
        "servicio": 9
    }
},
{
    "model": "apaeropuerto.empleado",
    "pk": 12,
    "fields": {
        "nombre": "Remember hotel difficult all language. Right leader stop over along campaign goal sell.",
        "apellido": "Man official fact yet continue. Expect city country pressure.",
        "cargo": "EM",
        "fecha_contratacion": "1993-01-02",
        "servicio": 11
    }
},
{
    "model": "apaeropuerto.empleado",
    "pk": 13,
    "fields": {
        "nombre": "Fast man form. Poor determine consumer recognize realize.",
        "apellido": "Point financial best Congress determine. President quickly show like.",
        "cargo": "EM",
        "fecha_contratacion": "2022-03-28",
        "servicio": 7
    }
},
{
    "model": "apaeropuerto.empleado",
    "pk": 14,
    "fields": {
        "nombre": "Watch maintain easy send reason. Visit relate customer suffer fire young their every.",
        "apellido": "Others parent hotel meet important method. National part oil include avoid.",
        "cargo": "EM",
        "fecha_contratacion": "1979-04-02",
        "servicio": 17
    }
},
{
    "model": "apaeropuerto.empleado",
    "pk": 15,
    "fields": {
        "nombre": "Difficult former dark than. Part cell standard miss as.\nIts budget into memory.",
        "apellido": "Future speak first bad lawyer. Agent daughter that later rich.",
        "cargo": "EM",
        "fecha_contratacion": "2014-03-09",
        "servicio": 14
    }
},
{
    "model": "apaeropuerto.empleado",
    "pk": 16,
    "fields": {
        "nombre": "Hit then game father decision action defense. Decade page never concern.",
        "apellido": "President continue thank you particular pay region.",
        "cargo": "EM",
        "fecha_contratacion": "1974-12-23",
        "servicio": 6
    }
},
{
    "model": "apaeropuerto.empleado",
    "pk": 17,
    "fields": {
        "nombre": "Bed outside interest work. Station claim prevent specific play question.",
        "apellido": "Cup focus anything Congress. Range mouth big production. Big list three friend.",
        "cargo": "EM",
        "fecha_contratacion": "1992-01-04",
        "servicio": 1
    }
},
{
    "model": "apaeropuerto.empleado",
    "pk": 18,
    "fields": {
        "nombre": "Control positive modern. Base just million event set writer close. Best follow new.",
        "apellido": "Space toward surface too around pattern gun. Test whose pass significant first police live real.",
        "cargo": "EM",
        "fecha_contratacion": "2015-03-24",
        "servicio": 3
    }
},
{
    "model": "apaeropuerto.empleado",
    "pk": 19,
    "fields": {
        "nombre": "He who someone become. Shake mouth police employee three pull wear really.",
        "apellido": "Guy avoid must. More more chance. Indicate stay couple think staff very style.",
        "cargo": "EM",
        "fecha_contratacion": "1984-03-01",
        "servicio": 12
    }
},
{
    "model": "apaeropuerto.empleado",
    "pk": 20,
    "fields": {
        "nombre": "International theory west. Service major history there cell church.",
        "apellido": "Middle customer age organization. Level most dream sort. Away reflect policy no management power.",
        "cargo": "EM",
        "fecha_contratacion": "1972-05-12",
        "servicio": 6
    }
}
]
